[
  {
    "id": "2b36a349-498d-4eb3-9bd8-a618e821cb9f",
    "data": [
      {
        "text": "abreviacao",
        "userDefined": false
      }
    ],
    "isTemplate": false,
    "count": 0,
    "lang": "pt-br",
    "updated": 0
  },
  {
    "id": "80163e0f-1c64-4bf6-a971-538adf33d188",
    "data": [
      {
        "text": "abreviação curso",
        "userDefined": false
      }
    ],
    "isTemplate": false,
    "count": 0,
    "lang": "pt-br",
    "updated": 0
  },
  {
    "id": "0fdd5f5a-3e4f-4570-a5f5-7e2ace41f89d",
    "data": [
      {
        "text": "abreviação de curso",
        "userDefined": false
      }
    ],
    "isTemplate": false,
    "count": 0,
    "lang": "pt-br",
    "updated": 0
  },
  {
    "id": "b549078a-a983-406a-8e07-bcf14123f1bb",
    "data": [
      {
        "text": "abreviacao de curso",
        "userDefined": false
      }
    ],
    "isTemplate": false,
    "count": 0,
    "lang": "pt-br",
    "updated": 0
  },
  {
    "id": "5b56b422-b1df-4a40-bcd2-0e469c978f25",
    "data": [
      {
        "text": "abreviar curso",
        "userDefined": false
      }
    ],
    "isTemplate": false,
    "count": 0,
    "lang": "pt-br",
    "updated": 0
  },
  {
    "id": "27d32dbd-1b49-4c77-a307-e593a55e129e",
    "data": [
      {
        "text": "dezessete",
        "userDefined": false
      }
    ],
    "isTemplate": false,
    "count": 0,
    "lang": "pt-br",
    "updated": 0
  },
  {
    "id": "92740d68-539e-4877-85a8-de9fd8b37094",
    "data": [
      {
        "text": "17",
        "userDefined": false
      }
    ],
    "isTemplate": false,
    "count": 0,
    "lang": "pt-br",
    "updated": 0
  }
]