[
  {
    "id": "fe468106-159d-486e-b0e2-dd930f2d35fb",
    "data": [
      {
        "text": "aproveitamento de estudos",
        "userDefined": false
      }
    ],
    "isTemplate": false,
    "count": 0,
    "lang": "pt-br",
    "updated": 0
  },
  {
    "id": "a35d3f8a-745a-47ad-9e97-b3f57aee76f5",
    "data": [
      {
        "text": "aproveitamento",
        "userDefined": false
      }
    ],
    "isTemplate": false,
    "count": 0,
    "lang": "pt-br",
    "updated": 0
  },
  {
    "id": "e8713675-48d8-4352-8446-ceb6fa9bc8af",
    "data": [
      {
        "text": "quero aproveitar meus estudos",
        "userDefined": false
      }
    ],
    "isTemplate": false,
    "count": 0,
    "lang": "pt-br",
    "updated": 0
  },
  {
    "id": "93e86379-27f3-4439-8f46-d79545a92ae9",
    "data": [
      {
        "text": "aproveitar",
        "userDefined": false
      }
    ],
    "isTemplate": false,
    "count": 0,
    "lang": "pt-br",
    "updated": 0
  },
  {
    "id": "02be174a-ae67-4177-9e88-994073554407",
    "data": [
      {
        "text": "aproveitamento de disciplinas",
        "userDefined": false
      }
    ],
    "isTemplate": false,
    "count": 0,
    "lang": "pt-br",
    "updated": 0
  },
  {
    "id": "333fac4e-9eea-4553-aad2-6508d2005237",
    "data": [
      {
        "text": "aproveitar disciplinas",
        "userDefined": false
      }
    ],
    "isTemplate": false,
    "count": 0,
    "lang": "pt-br",
    "updated": 0
  },
  {
    "id": "2af5d278-8d5c-4331-8bad-98043a2ad350",
    "data": [
      {
        "text": "dezoito",
        "userDefined": false
      }
    ],
    "isTemplate": false,
    "count": 0,
    "lang": "pt-br",
    "updated": 0
  },
  {
    "id": "1b959296-d5c1-4a04-b86a-46140c7499d7",
    "data": [
      {
        "text": "18",
        "userDefined": false
      }
    ],
    "isTemplate": false,
    "count": 0,
    "lang": "pt-br",
    "updated": 0
  }
]