[
  {
    "id": "b980c3df-8cb1-45f2-a252-3f0dd6ad6dcb",
    "data": [
      {
        "text": "atendimento humano",
        "userDefined": false
      }
    ],
    "isTemplate": false,
    "count": 0,
    "lang": "pt-br",
    "updated": 0
  },
  {
    "id": "21f0890b-2253-4dfe-8efc-db1106738a27",
    "data": [
      {
        "text": "falar com atendente",
        "userDefined": false
      }
    ],
    "isTemplate": false,
    "count": 0,
    "lang": "pt-br",
    "updated": 0
  },
  {
    "id": "feb33257-1290-4d61-b6a0-349f55c6cbc3",
    "data": [
      {
        "text": "falar com humano",
        "userDefined": false
      }
    ],
    "isTemplate": false,
    "count": 0,
    "lang": "pt-br",
    "updated": 0
  },
  {
    "data": [
      {
        "text": "Posso falar com um funcionário?",
        "userDefined": false
      }
    ],
    "isTemplate": false,
    "count": 0,
    "lang": "pt-br",
    "updated": 0
  }
]