[
  {
    "id": "c77e82b0-83c5-479c-8633-576ba40862a9",
    "data": [
      {
        "text": "João",
        "meta": "@sys.given-name",
        "alias": "nome",
        "userDefined": false
      }
    ],
    "isTemplate": false,
    "count": 0,
    "lang": "pt-br",
    "updated": 0
  },
  {
    "id": "89d75586-3c74-4707-95e5-6df6358f946d",
    "data": [
      {
        "text": "Vitor hugo",
        "meta": "@sys.given-name",
        "alias": "nome",
        "userDefined": false
      }
    ],
    "isTemplate": false,
    "count": 0,
    "lang": "pt-br",
    "updated": 0
  },
  {
    "id": "2b0b9525-4405-4f7a-85ed-bfc41bab0614",
    "data": [
      {
        "text": "Vitor hugo",
        "meta": "@sys.given-name",
        "alias": "nome",
        "userDefined": false
      },
      {
        "text": " Araújo Souza",
        "userDefined": false
      }
    ],
    "isTemplate": false,
    "count": 0,
    "lang": "pt-br",
    "updated": 0
  },
  {
    "data": [
      {
        "text": "Debora",
        "meta": "@sys.given-name",
        "alias": "nome",
        "userDefined": false
      },
      {
        "text": " ",
        "userDefined": false
      },
      {
        "text": "Batista",
        "meta": "@sys.last-name",
        "alias": "last-name",
        "userDefined": false
      }
    ],
    "isTemplate": false,
    "count": 0,
    "lang": "pt-br",
    "updated": 0
  }
]