[
  {
    "id": "05e9ae7e-f1d0-41c4-b415-b5a6c3afc106",
    "data": [
      {
        "text": "buenas",
        "userDefined": false
      }
    ],
    "isTemplate": false,
    "count": 0,
    "lang": "pt-br",
    "updated": 0
  },
  {
    "id": "3007e65d-b73c-41b3-89fe-53a1f51876ef",
    "data": [
      {
        "text": "e aí",
        "userDefined": false
      }
    ],
    "isTemplate": false,
    "count": 0,
    "lang": "pt-br",
    "updated": 0
  },
  {
    "id": "76770c5b-9fc6-4474-a184-9ceac7aa949e",
    "data": [
      {
        "text": "olá",
        "userDefined": false
      }
    ],
    "isTemplate": false,
    "count": 0,
    "lang": "pt-br",
    "updated": 0
  },
  {
    "id": "b00eec12-cf0a-4e0d-b958-b1aa4ef0376a",
    "data": [
      {
        "text": "oie",
        "userDefined": false
      }
    ],
    "isTemplate": false,
    "count": 0,
    "lang": "pt-br",
    "updated": 0
  },
  {
    "id": "e71ce98d-80d7-4c5f-8d14-8a8df32e5ebf",
    "data": [
      {
        "text": "oi boa noite",
        "userDefined": false
      }
    ],
    "isTemplate": false,
    "count": 0,
    "lang": "pt-br",
    "updated": 0
  },
  {
    "id": "86216472-fbe9-4169-8f53-8ce41c91c2e7",
    "data": [
      {
        "text": "oi boa tarde",
        "userDefined": false
      }
    ],
    "isTemplate": false,
    "count": 0,
    "lang": "pt-br",
    "updated": 0
  },
  {
    "id": "29f0d973-26f7-4f20-a7e4-d4e4a903def7",
    "data": [
      {
        "text": "oi bom dia",
        "userDefined": false
      }
    ],
    "isTemplate": false,
    "count": 0,
    "lang": "pt-br",
    "updated": 0
  },
  {
    "id": "c4e32bd3-155c-4085-baf9-868ba2a0e095",
    "data": [
      {
        "text": "olá boa noite",
        "userDefined": false
      }
    ],
    "isTemplate": false,
    "count": 0,
    "lang": "pt-br",
    "updated": 0
  },
  {
    "id": "6dd1a722-369a-4395-8546-9639de8cb924",
    "data": [
      {
        "text": "olá boa tarde",
        "userDefined": false
      }
    ],
    "isTemplate": false,
    "count": 0,
    "lang": "pt-br",
    "updated": 0
  },
  {
    "id": "23e84c94-2094-4556-bb77-a37eae6db5ac",
    "data": [
      {
        "text": "olá bom dia",
        "userDefined": false
      }
    ],
    "isTemplate": false,
    "count": 0,
    "lang": "pt-br",
    "updated": 0
  },
  {
    "id": "3732e420-217e-4e22-91c4-750a27ef46a6",
    "data": [
      {
        "text": "boa noite",
        "userDefined": false
      }
    ],
    "isTemplate": false,
    "count": 0,
    "lang": "pt-br",
    "updated": 0
  },
  {
    "id": "bd7b549a-b1c8-405f-9d03-ec3e04d17636",
    "data": [
      {
        "text": "boa tarde",
        "userDefined": false
      }
    ],
    "isTemplate": false,
    "count": 0,
    "lang": "pt-br",
    "updated": 0
  },
  {
    "id": "9a8c7b59-2df3-4a52-8094-81a0dd296017",
    "data": [
      {
        "text": "bom dia",
        "userDefined": false
      }
    ],
    "isTemplate": false,
    "count": 0,
    "lang": "pt-br",
    "updated": 0
  },
  {
    "id": "72cf635b-9e9a-49d7-b0a0-81e4b688d4b2",
    "data": [
      {
        "text": "há quanto tempo",
        "userDefined": false
      }
    ],
    "isTemplate": false,
    "count": 1,
    "lang": "pt-br",
    "updated": 0
  },
  {
    "id": "7bcd1916-e967-4731-bbe5-3c6d73c23baf",
    "data": [
      {
        "text": "oi",
        "userDefined": false
      }
    ],
    "isTemplate": false,
    "count": 0,
    "lang": "pt-br",
    "updated": 0
  },
  {
    "id": "eb23b95c-e9b2-4e21-a27b-7fd906dae40f",
    "data": [
      {
        "text": "opa",
        "userDefined": false
      }
    ],
    "isTemplate": false,
    "count": 0,
    "lang": "pt-br",
    "updated": 0
  },
  {
    "id": "89e5b5d8-b5d2-4061-9eda-0838b40c961c",
    "data": [
      {
        "text": "fala aí",
        "userDefined": false
      }
    ],
    "isTemplate": false,
    "count": 0,
    "lang": "pt-br",
    "updated": 0
  },
  {
    "id": "f0983e4d-84d6-4809-bb5d-cc8df76c24cd",
    "data": [
      {
        "text": "fala",
        "userDefined": false
      }
    ],
    "isTemplate": false,
    "count": 0,
    "lang": "pt-br",
    "updated": 0
  },
  {
    "id": "6280621f-00cb-4f53-adcd-0cf7aadfa536",
    "data": [
      {
        "text": "saudações",
        "userDefined": false
      }
    ],
    "isTemplate": false,
    "count": 0,
    "lang": "pt-br",
    "updated": 0
  },
  {
    "id": "ce8ecd67-d3cd-483c-874b-ee9140aca63d",
    "data": [
      {
        "text": "oi tudo bem",
        "userDefined": false
      }
    ],
    "isTemplate": false,
    "count": 1,
    "lang": "pt-br",
    "updated": 0
  },
  {
    "id": "3a952deb-2904-4e66-b240-3dfb95c1718a",
    "data": [
      {
        "text": "eae",
        "userDefined": false
      }
    ],
    "isTemplate": false,
    "count": 0,
    "lang": "pt-br",
    "updated": 0
  }
]