[
  {
    "id": "74446c30-6801-4eb0-aef6-d25fb9fda72b",
    "data": [
      {
        "text": "assinatura do diretor estagio",
        "userDefined": false
      }
    ],
    "isTemplate": false,
    "count": 0,
    "lang": "pt-br",
    "updated": 0
  },
  {
    "id": "900137b3-bfa6-4085-9a10-cb2cbb2b0a96",
    "data": [
      {
        "text": "cadastrar termo de estágio",
        "userDefined": false
      }
    ],
    "isTemplate": false,
    "count": 0,
    "lang": "pt-br",
    "updated": 0
  },
  {
    "id": "c04c947d-76b2-46c9-a71f-2670c89b52f5",
    "data": [
      {
        "text": "termo de estágio",
        "userDefined": false
      }
    ],
    "isTemplate": false,
    "count": 0,
    "lang": "pt-br",
    "updated": 0
  },
  {
    "id": "d91363fc-c747-4347-bd25-58db6a86faa5",
    "data": [
      {
        "text": "estagio",
        "userDefined": false
      }
    ],
    "isTemplate": false,
    "count": 0,
    "lang": "pt-br",
    "updated": 0
  },
  {
    "id": "e4613358-41e9-413c-8b3c-73ce5f3a3356",
    "data": [
      {
        "text": "dezenove",
        "userDefined": false
      }
    ],
    "isTemplate": false,
    "count": 0,
    "lang": "pt-br",
    "updated": 0
  },
  {
    "id": "df6b7310-8629-4a46-b231-15d3528a753c",
    "data": [
      {
        "text": "19",
        "userDefined": false
      }
    ],
    "isTemplate": false,
    "count": 0,
    "lang": "pt-br",
    "updated": 0
  }
]