[
  {
    "id": "0b95aec5-e2dd-4fa9-8929-c0afa6bacce2",
    "data": [
      {
        "text": "ciencias economicas",
        "userDefined": false
      }
    ],
    "isTemplate": false,
    "count": 0,
    "lang": "pt-br",
    "updated": 0
  },
  {
    "id": "60d28d53-2144-4761-a511-9dd9149aa703",
    "data": [
      {
        "text": "economia",
        "userDefined": false
      }
    ],
    "isTemplate": false,
    "count": 0,
    "lang": "pt-br",
    "updated": 0
  },
  {
    "id": "39ea574f-cca3-410a-b56f-89c9af00bfef",
    "data": [
      {
        "text": "cecon",
        "userDefined": false
      }
    ],
    "isTemplate": false,
    "count": 0,
    "lang": "pt-br",
    "updated": 0
  },
  {
    "id": "2fdb8c6d-8c37-40f0-bd69-a46b4c0e2036",
    "data": [
      {
        "text": "tres",
        "userDefined": false
      }
    ],
    "isTemplate": false,
    "count": 0,
    "lang": "pt-br",
    "updated": 0
  },
  {
    "id": "487e3fee-8a86-435e-b5dd-98ee302fbf79",
    "data": [
      {
        "text": "3",
        "userDefined": false
      }
    ],
    "isTemplate": false,
    "count": 0,
    "lang": "pt-br",
    "updated": 0
  }
]