[
  {
    "id": "d3ad422b-6fcc-42af-847c-1295842675f5",
    "data": [
      {
        "text": "tecnologia em processos gerenciais",
        "userDefined": false
      }
    ],
    "isTemplate": false,
    "count": 0,
    "lang": "pt-br",
    "updated": 0
  },
  {
    "id": "00061c0d-57de-4824-8117-72b9271bb574",
    "data": [
      {
        "text": "processos",
        "userDefined": false
      }
    ],
    "isTemplate": false,
    "count": 0,
    "lang": "pt-br",
    "updated": 0
  },
  {
    "id": "4b91775c-0e2b-4acc-88ff-a35b2b68918f",
    "data": [
      {
        "text": "processos gerenciais",
        "userDefined": false
      }
    ],
    "isTemplate": false,
    "count": 0,
    "lang": "pt-br",
    "updated": 0
  },
  {
    "id": "bf24f0d8-05ca-4d4c-830a-c72f31da31dc",
    "data": [
      {
        "text": "tpg",
        "userDefined": false
      }
    ],
    "isTemplate": false,
    "count": 0,
    "lang": "pt-br",
    "updated": 0
  },
  {
    "id": "d4b480d3-53cb-48e3-bca8-b28c0ed086d7",
    "data": [
      {
        "text": "cinco",
        "userDefined": false
      }
    ],
    "isTemplate": false,
    "count": 0,
    "lang": "pt-br",
    "updated": 0
  },
  {
    "id": "7bf63ddb-ac1a-42ff-b6f2-7d52666f6069",
    "data": [
      {
        "text": "5",
        "userDefined": false
      }
    ],
    "isTemplate": false,
    "count": 0,
    "lang": "pt-br",
    "updated": 0
  }
]