[
  {
    "id": "9029dd3d-7414-4015-bdb2-304201e55fd0",
    "data": [
      {
        "text": "adm",
        "userDefined": false
      }
    ],
    "isTemplate": false,
    "count": 0,
    "lang": "pt-br",
    "updated": 0
  },
  {
    "id": "97cefb40-690c-4d21-ba3d-6df11e8d7842",
    "data": [
      {
        "text": "curso de administração",
        "userDefined": false
      }
    ],
    "isTemplate": false,
    "count": 0,
    "lang": "pt-br",
    "updated": 0
  },
  {
    "id": "4c9e5843-084e-4c8d-9008-68320c04915f",
    "data": [
      {
        "text": "administração de empresas",
        "userDefined": false
      }
    ],
    "isTemplate": false,
    "count": 0,
    "lang": "pt-br",
    "updated": 0
  },
  {
    "id": "52e2965c-5ef7-448f-ba1a-d4024ad63b9b",
    "data": [
      {
        "text": "administração",
        "userDefined": false
      }
    ],
    "isTemplate": false,
    "count": 0,
    "lang": "pt-br",
    "updated": 0
  },
  {
    "id": "68ff98d6-da44-491d-a04f-4067941a3afa",
    "data": [
      {
        "text": "administracao",
        "userDefined": false
      }
    ],
    "isTemplate": false,
    "count": 0,
    "lang": "pt-br",
    "updated": 0
  },
  {
    "id": "a57cb51c-2db5-4b14-bbd5-36a37dcaa69d",
    "data": [
      {
        "text": "um",
        "userDefined": false
      }
    ],
    "isTemplate": false,
    "count": 0,
    "lang": "pt-br",
    "updated": 0
  },
  {
    "id": "1e20e812-6fdb-45e4-8ce5-bd00803e44f6",
    "data": [
      {
        "text": "1",
        "userDefined": false
      }
    ],
    "isTemplate": false,
    "count": 0,
    "lang": "pt-br",
    "updated": 0
  }
]