[
  {
    "id": "b7cebb9a-c725-4b21-b227-ed480fcda971",
    "data": [
      {
        "text": "que horas começam as aulas",
        "userDefined": false
      }
    ],
    "isTemplate": false,
    "count": 0,
    "lang": "pt-br",
    "updated": 0
  },
  {
    "id": "dc5b1f99-5b9a-442d-ac49-d0d544c98970",
    "data": [
      {
        "text": "que horas são as aulas",
        "userDefined": false
      }
    ],
    "isTemplate": false,
    "count": 0,
    "lang": "pt-br",
    "updated": 0
  },
  {
    "id": "a86769d8-ec80-4730-b5c3-7d7d4775c362",
    "data": [
      {
        "text": "qual é o horario das aulas",
        "userDefined": false
      }
    ],
    "isTemplate": false,
    "count": 0,
    "lang": "pt-br",
    "updated": 0
  },
  {
    "id": "a8337d69-de1a-4870-8ada-2fc3d8fe1dbd",
    "data": [
      {
        "text": "horario de aula",
        "userDefined": false
      }
    ],
    "isTemplate": false,
    "count": 0,
    "lang": "pt-br",
    "updated": 0
  },
  {
    "id": "baf8279f-35f7-47cf-8541-8885dbe41314",
    "data": [
      {
        "text": "horario das aulas",
        "userDefined": false
      }
    ],
    "isTemplate": false,
    "count": 0,
    "lang": "pt-br",
    "updated": 0
  },
  {
    "id": "1287d490-e117-418d-8fab-91d92e961ee5",
    "data": [
      {
        "text": "horarios",
        "userDefined": false
      }
    ],
    "isTemplate": false,
    "count": 0,
    "lang": "pt-br",
    "updated": 0
  },
  {
    "id": "063e22a1-d006-4d15-be92-9c66f9685b6b",
    "data": [
      {
        "text": "horario",
        "userDefined": false
      }
    ],
    "isTemplate": false,
    "count": 0,
    "lang": "pt-br",
    "updated": 0
  },
  {
    "id": "aef0b10f-4d6d-4a58-9bba-68370f81917e",
    "data": [
      {
        "text": "13",
        "userDefined": false
      }
    ],
    "isTemplate": false,
    "count": 0,
    "lang": "pt-br",
    "updated": 0
  },
  {
    "id": "dc4757d3-0dc2-41f8-a683-f145291071d4",
    "data": [
      {
        "text": "treze",
        "userDefined": false
      }
    ],
    "isTemplate": false,
    "count": 0,
    "lang": "pt-br",
    "updated": 0
  }
]