[
  {
    "id": "a424d39b-8090-4698-a9b6-3db0188f5578",
    "data": [
      {
        "text": "turis",
        "userDefined": false
      }
    ],
    "isTemplate": false,
    "count": 0,
    "lang": "pt-br",
    "updated": 0
  },
  {
    "id": "468cf0c6-19b3-4d8b-b27f-7007ff063d21",
    "data": [
      {
        "text": "curso de turismo",
        "userDefined": false
      }
    ],
    "isTemplate": false,
    "count": 0,
    "lang": "pt-br",
    "updated": 0
  },
  {
    "id": "a2e98cb0-7469-49ae-8020-dff8e6836e1f",
    "data": [
      {
        "text": "turismo",
        "userDefined": false
      }
    ],
    "isTemplate": false,
    "count": 0,
    "lang": "pt-br",
    "updated": 0
  },
  {
    "id": "1cf053d4-3e50-468e-bde7-f5f895767004",
    "data": [
      {
        "text": "quatro",
        "userDefined": false
      }
    ],
    "isTemplate": false,
    "count": 0,
    "lang": "pt-br",
    "updated": 0
  },
  {
    "id": "e316a2e4-f02c-43ec-9040-b1c8cb59ae51",
    "data": [
      {
        "text": "4",
        "userDefined": false
      }
    ],
    "isTemplate": false,
    "count": 0,
    "lang": "pt-br",
    "updated": 0
  }
]