[
  {
    "id": "003b33a6-905e-4987-a3f8-2ef360d346ad",
    "data": [
      {
        "text": "ciências contábeis",
        "userDefined": false
      }
    ],
    "isTemplate": false,
    "count": 0,
    "lang": "pt-br",
    "updated": 0
  },
  {
    "id": "f66bba49-f2e2-45ab-9ee3-3785c2ebcc82",
    "data": [
      {
        "text": "contabilidade",
        "userDefined": false
      }
    ],
    "isTemplate": false,
    "count": 0,
    "lang": "pt-br",
    "updated": 0
  },
  {
    "id": "866a72f5-18f4-4bcc-9f22-dd5646cd0cee",
    "data": [
      {
        "text": "contábeis",
        "userDefined": false
      }
    ],
    "isTemplate": false,
    "count": 0,
    "lang": "pt-br",
    "updated": 0
  },
  {
    "id": "cb9a1b1d-ada6-4bfe-b2e1-3e120d31dbd1",
    "data": [
      {
        "text": "ccont",
        "userDefined": false
      }
    ],
    "isTemplate": false,
    "count": 0,
    "lang": "pt-br",
    "updated": 0
  },
  {
    "id": "a8ba3520-bda5-4f52-a5dd-6e81996a1cc6",
    "data": [
      {
        "text": "cont",
        "userDefined": false
      }
    ],
    "isTemplate": false,
    "count": 0,
    "lang": "pt-br",
    "updated": 0
  },
  {
    "id": "4dfde233-0d52-4071-a61c-59d7a16d7a7a",
    "data": [
      {
        "text": "dois",
        "userDefined": false
      }
    ],
    "isTemplate": false,
    "count": 0,
    "lang": "pt-br",
    "updated": 0
  },
  {
    "id": "a8803467-49f3-44a8-94c6-168c97dffac3",
    "data": [
      {
        "text": "2",
        "userDefined": false
      }
    ],
    "isTemplate": false,
    "count": 0,
    "lang": "pt-br",
    "updated": 0
  }
]