[
  {
    "id": "8f9d0dc3-75f6-4641-aa87-28ff768192d3",
    "data": [
      {
        "text": "salas de aula",
        "userDefined": false
      }
    ],
    "isTemplate": false,
    "count": 0,
    "lang": "pt-br",
    "updated": 0
  },
  {
    "id": "53f5eb32-c635-4f88-ad6f-c840943b4ddf",
    "data": [
      {
        "text": "localização de salas",
        "userDefined": false
      }
    ],
    "isTemplate": false,
    "count": 0,
    "lang": "pt-br",
    "updated": 0
  },
  {
    "id": "619ea91c-fd0e-4f15-a12c-add791c3e4b9",
    "data": [
      {
        "text": "qual é minha sala",
        "userDefined": false
      }
    ],
    "isTemplate": false,
    "count": 0,
    "lang": "pt-br",
    "updated": 0
  },
  {
    "id": "ed041514-60e5-48f4-90f3-9eab7b3f9bfe",
    "data": [
      {
        "text": "onde fica minha sala",
        "userDefined": false
      }
    ],
    "isTemplate": false,
    "count": 0,
    "lang": "pt-br",
    "updated": 0
  },
  {
    "id": "46bbd80e-1fd2-4ec4-942f-2888242b19ed",
    "data": [
      {
        "text": "sala",
        "userDefined": false
      }
    ],
    "isTemplate": false,
    "count": 0,
    "lang": "pt-br",
    "updated": 0
  },
  {
    "id": "6c2adeea-e31d-4414-a34f-106a3266011b",
    "data": [
      {
        "text": "localização",
        "userDefined": false
      }
    ],
    "isTemplate": false,
    "count": 0,
    "lang": "pt-br",
    "updated": 0
  },
  {
    "id": "2d449450-0f5a-4efb-8645-ebeb5612c7e3",
    "data": [
      {
        "text": "localizacao",
        "userDefined": false
      }
    ],
    "isTemplate": false,
    "count": 0,
    "lang": "pt-br",
    "updated": 0
  },
  {
    "id": "e118fd07-f79b-4522-a9e1-d8fc48449015",
    "data": [
      {
        "text": "quatorze",
        "userDefined": false
      }
    ],
    "isTemplate": false,
    "count": 0,
    "lang": "pt-br",
    "updated": 0
  },
  {
    "id": "60313c2b-3682-4ed6-adac-8d1c08bebce6",
    "data": [
      {
        "text": "14",
        "userDefined": false
      }
    ],
    "isTemplate": false,
    "count": 0,
    "lang": "pt-br",
    "updated": 0
  }
]