[
  {
    "id": "31f8808b-89bf-4c79-9624-ba17b181fa21",
    "data": [
      {
        "text": "preciso me matricular",
        "userDefined": false
      }
    ],
    "isTemplate": false,
    "count": 0,
    "lang": "pt-br",
    "updated": 0
  },
  {
    "id": "202f3a0e-5082-48ee-827c-66c3b25004c2",
    "data": [
      {
        "text": "como me matricular",
        "userDefined": false
      }
    ],
    "isTemplate": false,
    "count": 0,
    "lang": "pt-br",
    "updated": 0
  },
  {
    "id": "98882d78-d6be-4657-ae7e-7aeb74cdf9c9",
    "data": [
      {
        "text": "tenho dúvidas quanto a matricula",
        "userDefined": false
      }
    ],
    "isTemplate": false,
    "count": 0,
    "lang": "pt-br",
    "updated": 0
  },
  {
    "id": "d30cb305-a837-4bc2-9a18-4321f392be45",
    "data": [
      {
        "text": "como faço a matricula",
        "userDefined": false
      }
    ],
    "isTemplate": false,
    "count": 0,
    "lang": "pt-br",
    "updated": 0
  },
  {
    "id": "ddebd7c1-617e-435a-b88f-7298253cc8ba",
    "data": [
      {
        "text": "como faço minha matricula",
        "userDefined": false
      }
    ],
    "isTemplate": false,
    "count": 0,
    "lang": "pt-br",
    "updated": 0
  },
  {
    "id": "d0b11e66-17d8-4506-9b2b-1edad0dba92d",
    "data": [
      {
        "text": "matrícula",
        "userDefined": false
      }
    ],
    "isTemplate": false,
    "count": 0,
    "lang": "pt-br",
    "updated": 0
  },
  {
    "id": "7aafd520-6928-41ad-9bc4-794b80fdb2b5",
    "data": [
      {
        "text": "onze",
        "userDefined": false
      }
    ],
    "isTemplate": false,
    "count": 0,
    "lang": "pt-br",
    "updated": 0
  },
  {
    "id": "a5a91e09-0d9e-4c32-96f1-9d1dcaeedcf7",
    "data": [
      {
        "text": "11",
        "userDefined": false
      }
    ],
    "isTemplate": false,
    "count": 0,
    "lang": "pt-br",
    "updated": 0
  }
]