[
  {
    "id": "367749f9-0f0b-4903-a605-3fe7eb1270a9",
    "data": [
      {
        "text": "passe",
        "userDefined": false
      }
    ],
    "isTemplate": false,
    "count": 0,
    "lang": "pt-br",
    "updated": 0
  },
  {
    "id": "84d62dc0-c408-4f98-ae3b-996c7af7e262",
    "data": [
      {
        "text": "passe do estudante",
        "userDefined": false
      }
    ],
    "isTemplate": false,
    "count": 0,
    "lang": "pt-br",
    "updated": 0
  },
  {
    "id": "d86930ca-8c51-43f2-a395-95883c1dd2b9",
    "data": [
      {
        "text": "vale transporte",
        "userDefined": false
      }
    ],
    "isTemplate": false,
    "count": 0,
    "lang": "pt-br",
    "updated": 0
  },
  {
    "id": "ad71ee8d-d522-4017-b44a-6b04506ddf51",
    "data": [
      {
        "text": "carteirinha do passe",
        "userDefined": false
      }
    ],
    "isTemplate": false,
    "count": 0,
    "lang": "pt-br",
    "updated": 0
  },
  {
    "id": "bbef1f33-7dbf-4d7e-b529-96d7dee028cc",
    "data": [
      {
        "text": "quinze",
        "userDefined": false
      }
    ],
    "isTemplate": false,
    "count": 0,
    "lang": "pt-br",
    "updated": 0
  },
  {
    "id": "1db47677-d945-44ed-b5bf-f0ad6b9184b0",
    "data": [
      {
        "text": "15",
        "userDefined": false
      }
    ],
    "isTemplate": false,
    "count": 0,
    "lang": "pt-br",
    "updated": 0
  }
]