[
  {
    "id": "2c523122-f8fb-44c2-b5d7-6421ae36e3dc",
    "data": [
      {
        "text": "com certeza",
        "userDefined": false
      }
    ],
    "isTemplate": false,
    "count": 0,
    "lang": "pt-br",
    "updated": 0
  },
  {
    "id": "de277728-812f-4aa8-80c8-0fc6c0606d0c",
    "data": [
      {
        "text": "claro",
        "userDefined": false
      }
    ],
    "isTemplate": false,
    "count": 0,
    "lang": "pt-br",
    "updated": 0
  },
  {
    "id": "e098413c-e7fc-4db0-b4e1-f467721be6db",
    "data": [
      {
        "text": "sim",
        "userDefined": false
      }
    ],
    "isTemplate": false,
    "count": 0,
    "lang": "pt-br",
    "updated": 0
  },
  {
    "id": "1987493f-0bce-4e30-97d1-ac519142a68d",
    "data": [
      {
        "text": "ajuda",
        "userDefined": false
      }
    ],
    "isTemplate": false,
    "count": 0,
    "lang": "pt-br",
    "updated": 0
  },
  {
    "id": "150b0def-dd76-4c19-b3c8-f587043faa5d",
    "data": [
      {
        "text": "um",
        "userDefined": false
      }
    ],
    "isTemplate": false,
    "count": 0,
    "lang": "pt-br",
    "updated": 0
  },
  {
    "id": "d78141e8-b701-4277-83b0-e435e89adb0c",
    "data": [
      {
        "text": "1",
        "userDefined": false
      }
    ],
    "isTemplate": false,
    "count": 0,
    "lang": "pt-br",
    "updated": 0
  }
]