[
  {
    "id": "7429a6a2-9681-4a96-806a-cde1ed3d8f1f",
    "data": [
      {
        "text": "como faço para renovar minha matrícula",
        "userDefined": false
      }
    ],
    "isTemplate": false,
    "count": 0,
    "lang": "pt-br",
    "updated": 0
  },
  {
    "id": "de9acf9e-3b75-46b0-81aa-aa8915b6fbec",
    "data": [
      {
        "text": "renovar matrícula",
        "userDefined": false
      }
    ],
    "isTemplate": false,
    "count": 0,
    "lang": "pt-br",
    "updated": 0
  },
  {
    "id": "1c08376a-19b5-42e5-a0a1-75de26c3eff3",
    "data": [
      {
        "text": "renovar minha matrícula",
        "userDefined": false
      }
    ],
    "isTemplate": false,
    "count": 1,
    "lang": "pt-br",
    "updated": 0
  },
  {
    "id": "f96e0a4f-bd4f-4ca9-ad77-fbaee3c090b4",
    "data": [
      {
        "text": "como renovo minha matrícula",
        "userDefined": false
      }
    ],
    "isTemplate": false,
    "count": 0,
    "lang": "pt-br",
    "updated": 0
  },
  {
    "id": "13b77629-5fd7-4963-95e7-57608ef61ca5",
    "data": [
      {
        "text": "fazer renovação de matrícula",
        "userDefined": false
      }
    ],
    "isTemplate": false,
    "count": 0,
    "lang": "pt-br",
    "updated": 0
  },
  {
    "id": "b0a29c81-032c-41fe-8b21-ce2a96e1ba07",
    "data": [
      {
        "text": "renovação matrícula",
        "userDefined": false
      }
    ],
    "isTemplate": false,
    "count": 0,
    "lang": "pt-br",
    "updated": 0
  },
  {
    "id": "d55ef62e-a8dd-4bc4-8505-9c6c7919d563",
    "data": [
      {
        "text": "doze",
        "userDefined": false
      }
    ],
    "isTemplate": false,
    "count": 0,
    "lang": "pt-br",
    "updated": 0
  },
  {
    "id": "3aecfbff-d355-48b6-84ac-6fafde854d6d",
    "data": [
      {
        "text": "12",
        "userDefined": false
      }
    ],
    "isTemplate": false,
    "count": 0,
    "lang": "pt-br",
    "updated": 0
  }
]