[
  {
    "id": "9bc053ad-56c6-4b35-ab50-ea9589312eb4",
    "data": [
      {
        "text": "como faço minha transferencia",
        "userDefined": false
      }
    ],
    "isTemplate": false,
    "count": 0,
    "lang": "pt-br",
    "updated": 0
  },
  {
    "id": "c8b7eeb2-2703-4091-a411-4e876e20a07e",
    "data": [
      {
        "text": "transferência",
        "userDefined": false
      }
    ],
    "isTemplate": false,
    "count": 0,
    "lang": "pt-br",
    "updated": 0
  },
  {
    "id": "f3f20e94-5105-41d5-bf5c-d2a2099fcb93",
    "data": [
      {
        "text": "transferencia",
        "userDefined": false
      }
    ],
    "isTemplate": false,
    "count": 0,
    "lang": "pt-br",
    "updated": 0
  },
  {
    "id": "9b530d2b-08d3-4b11-9f31-d5ec3cbfbc1b",
    "data": [
      {
        "text": "transferencia compulsoria",
        "userDefined": false
      }
    ],
    "isTemplate": false,
    "count": 0,
    "lang": "pt-br",
    "updated": 0
  },
  {
    "id": "1b4e08b3-2183-42ee-bcd7-842cfe54bb29",
    "data": [
      {
        "text": "transferir",
        "userDefined": false
      }
    ],
    "isTemplate": false,
    "count": 0,
    "lang": "pt-br",
    "updated": 0
  },
  {
    "id": "eba6b85a-fd2f-4097-aa57-a4872939c3ab",
    "data": [
      {
        "text": "dezesseis",
        "userDefined": false
      }
    ],
    "isTemplate": false,
    "count": 0,
    "lang": "pt-br",
    "updated": 0
  },
  {
    "id": "dc216e07-3b27-49e3-82be-b08fbb537490",
    "data": [
      {
        "text": "16",
        "userDefined": false
      }
    ],
    "isTemplate": false,
    "count": 0,
    "lang": "pt-br",
    "updated": 0
  }
]