[
  {
    "id": "1973650e-36f5-4e1e-b1b8-ee83d09ea91e",
    "data": [
      {
        "text": "discordo",
        "userDefined": false
      }
    ],
    "isTemplate": false,
    "count": 1,
    "lang": "pt-br",
    "updated": 0
  },
  {
    "id": "c58aa90a-a091-45cc-a129-3fa09f6ef152",
    "data": [
      {
        "text": "definitivamente não",
        "userDefined": false
      }
    ],
    "isTemplate": false,
    "count": 1,
    "lang": "pt-br",
    "updated": 0
  },
  {
    "id": "4db317e5-438f-4112-995d-48340ede9f84",
    "data": [
      {
        "text": "não obrigado",
        "userDefined": false
      }
    ],
    "isTemplate": false,
    "count": 2,
    "lang": "pt-br",
    "updated": 0
  },
  {
    "id": "06bd26e5-5aea-46a1-8cd0-ffa7e03a32d6",
    "data": [
      {
        "text": "acho que não",
        "userDefined": false
      }
    ],
    "isTemplate": false,
    "count": 0,
    "lang": "pt-br",
    "updated": 0
  },
  {
    "id": "7d8f0a08-c1db-4a1c-8ec9-4e063386572a",
    "data": [
      {
        "text": "não",
        "userDefined": false
      }
    ],
    "isTemplate": false,
    "count": 4,
    "lang": "pt-br",
    "updated": 0
  },
  {
    "id": "c86f5e06-31a8-4ead-9c50-31394d70d12e",
    "data": [
      {
        "text": "não tenho interesse",
        "userDefined": false
      }
    ],
    "isTemplate": false,
    "count": 0,
    "lang": "pt-br",
    "updated": 0
  },
  {
    "id": "663ac137-8643-4ae3-bcf4-1cb9580b0c80",
    "data": [
      {
        "text": "não quero isso",
        "userDefined": false
      }
    ],
    "isTemplate": false,
    "count": 0,
    "lang": "pt-br",
    "updated": 0
  },
  {
    "id": "bb707cca-63e7-4129-8a49-5bda69be5f23",
    "data": [
      {
        "text": "não faça isso",
        "userDefined": false
      }
    ],
    "isTemplate": false,
    "count": 1,
    "lang": "pt-br",
    "updated": 0
  },
  {
    "id": "fcefa2c5-9c54-4379-aa77-e04019d2415b",
    "data": [
      {
        "text": "não mesmo",
        "userDefined": false
      }
    ],
    "isTemplate": false,
    "count": 1,
    "lang": "pt-br",
    "updated": 0
  },
  {
    "id": "1f3213b7-dcf2-4038-9ca4-383a4637c64d",
    "data": [
      {
        "text": "aproveitamento",
        "userDefined": false
      }
    ],
    "isTemplate": false,
    "count": 0,
    "lang": "pt-br",
    "updated": 0
  },
  {
    "id": "851b7bb3-3d32-484a-adcf-57d1f9ecd576",
    "data": [
      {
        "text": "aproveitar",
        "userDefined": false
      }
    ],
    "isTemplate": false,
    "count": 0,
    "lang": "pt-br",
    "updated": 0
  },
  {
    "id": "2ee51145-6b82-4a4d-96e4-6849881ea22c",
    "data": [
      {
        "text": "equivalência",
        "userDefined": false
      }
    ],
    "isTemplate": false,
    "count": 0,
    "lang": "pt-br",
    "updated": 0
  },
  {
    "id": "a3586989-9517-4c64-a2aa-325f219289a2",
    "data": [
      {
        "text": "dispensa",
        "userDefined": false
      }
    ],
    "isTemplate": false,
    "count": 0,
    "lang": "pt-br",
    "updated": 0
  },
  {
    "id": "ace5b912-97e9-42c9-96ab-7823e460c374",
    "data": [
      {
        "text": "validação",
        "userDefined": false
      }
    ],
    "isTemplate": false,
    "count": 0,
    "lang": "pt-br",
    "updated": 0
  },
  {
    "id": "0f6c4edb-340d-4078-83ea-ab43e3a64456",
    "data": [
      {
        "text": "aproveitamento de estudos",
        "userDefined": false
      }
    ],
    "isTemplate": false,
    "count": 0,
    "lang": "pt-br",
    "updated": 0
  },
  {
    "id": "adaf6de3-a895-452b-b852-5215e88a09d1",
    "data": [
      {
        "text": "matérias cursadas",
        "userDefined": false
      }
    ],
    "isTemplate": false,
    "count": 0,
    "lang": "pt-br",
    "updated": 0
  },
  {
    "id": "fa2172a7-cbf6-41a7-a5e9-51850e130329",
    "data": [
      {
        "text": "disciplinas anteriores",
        "userDefined": false
      }
    ],
    "isTemplate": false,
    "count": 0,
    "lang": "pt-br",
    "updated": 0
  },
  {
    "id": "f06deffe-a363-4d35-b03d-39f969b656ec",
    "data": [
      {
        "text": "créditos",
        "userDefined": false
      }
    ],
    "isTemplate": false,
    "count": 0,
    "lang": "pt-br",
    "updated": 0
  },
  {
    "id": "b35ade35-d06d-4550-a929-79b06e877f81",
    "data": [
      {
        "text": "convalidação",
        "userDefined": false
      }
    ],
    "isTemplate": false,
    "count": 0,
    "lang": "pt-br",
    "updated": 0
  },
  {
    "id": "04719987-e02c-4055-87b2-328a07be5206",
    "data": [
      {
        "text": "reconhecimento",
        "userDefined": false
      }
    ],
    "isTemplate": false,
    "count": 0,
    "lang": "pt-br",
    "updated": 0
  },
  {
    "id": "263ea229-be17-46be-9ae1-ddabc53c4585",
    "data": [
      {
        "text": "isenção",
        "userDefined": false
      }
    ],
    "isTemplate": false,
    "count": 0,
    "lang": "pt-br",
    "updated": 0
  },
  {
    "id": "d153f0c2-fa97-45e9-a66d-4c7c0cd93825",
    "data": [
      {
        "text": "quero saber sobre discordo",
        "userDefined": false
      }
    ],
    "isTemplate": false,
    "count": 0,
    "lang": "pt-br",
    "updated": 0
  },
  {
    "id": "6cacd828-50c5-4df6-ba42-9a2f542bc9d9",
    "data": [
      {
        "text": "me fale sobre discordo",
        "userDefined": false
      }
    ],
    "isTemplate": false,
    "count": 0,
    "lang": "pt-br",
    "updated": 0
  },
  {
    "id": "dbb2a7c4-2737-4563-8040-eef52160ca97",
    "data": [
      {
        "text": "preciso de informação sobre discordo",
        "userDefined": false
      }
    ],
    "isTemplate": false,
    "count": 0,
    "lang": "pt-br",
    "updated": 0
  },
  {
    "id": "05b15018-4098-48cc-9f80-34a635498bd9",
    "data": [
      {
        "text": "como funciona discordo",
        "userDefined": false
      }
    ],
    "isTemplate": false,
    "count": 0,
    "lang": "pt-br",
    "updated": 0
  },
  {
    "id": "0d353ef8-2f3e-4a7e-986b-1cbcaa35daef",
    "data": [
      {
        "text": "qual o processo de discordo",
        "userDefined": false
      }
    ],
    "isTemplate": false,
    "count": 0,
    "lang": "pt-br",
    "updated": 0
  },
  {
    "id": "884171a5-c362-4f90-ad5c-99f236643d1d",
    "data": [
      {
        "text": "quero saber sobre definitivamente não",
        "userDefined": false
      }
    ],
    "isTemplate": false,
    "count": 0,
    "lang": "pt-br",
    "updated": 0
  },
  {
    "id": "9fb8546d-3c25-4ff2-8c21-1fb9fd647ea0",
    "data": [
      {
        "text": "me fale sobre definitivamente não",
        "userDefined": false
      }
    ],
    "isTemplate": false,
    "count": 0,
    "lang": "pt-br",
    "updated": 0
  },
  {
    "id": "5d66c83e-d0f1-4051-a688-4c7177e5bc06",
    "data": [
      {
        "text": "preciso de informação sobre definitivamente não",
        "userDefined": false
      }
    ],
    "isTemplate": false,
    "count": 0,
    "lang": "pt-br",
    "updated": 0
  },
  {
    "id": "090d682f-2a3f-47fe-9a63-53593e4cad04",
    "data": [
      {
        "text": "como funciona definitivamente não",
        "userDefined": false
      }
    ],
    "isTemplate": false,
    "count": 0,
    "lang": "pt-br",
    "updated": 0
  },
  {
    "id": "90775484-7c49-42a0-a314-f7f2cb51bc4c",
    "data": [
      {
        "text": "qual o processo de definitivamente não",
        "userDefined": false
      }
    ],
    "isTemplate": false,
    "count": 0,
    "lang": "pt-br",
    "updated": 0
  },
  {
    "id": "d7ae2c6a-40df-43b6-a7ed-876c542eb913",
    "data": [
      {
        "text": "quero saber sobre não obrigado",
        "userDefined": false
      }
    ],
    "isTemplate": false,
    "count": 0,
    "lang": "pt-br",
    "updated": 0
  },
  {
    "id": "892deae8-85ed-4e9d-864f-a7efc5fddf6f",
    "data": [
      {
        "text": "me fale sobre não obrigado",
        "userDefined": false
      }
    ],
    "isTemplate": false,
    "count": 0,
    "lang": "pt-br",
    "updated": 0
  },
  {
    "id": "6885bd5e-da2d-4846-a2cd-975988019de1",
    "data": [
      {
        "text": "preciso de informação sobre não obrigado",
        "userDefined": false
      }
    ],
    "isTemplate": false,
    "count": 0,
    "lang": "pt-br",
    "updated": 0
  },
  {
    "id": "55453610-042f-4480-a48f-db4c737f9e36",
    "data": [
      {
        "text": "como funciona não obrigado",
        "userDefined": false
      }
    ],
    "isTemplate": false,
    "count": 0,
    "lang": "pt-br",
    "updated": 0
  },
  {
    "id": "a3e8c4ed-8069-4a39-a769-3374a9c34a5f",
    "data": [
      {
        "text": "qual o processo de não obrigado",
        "userDefined": false
      }
    ],
    "isTemplate": false,
    "count": 0,
    "lang": "pt-br",
    "updated": 0
  }
]