[
  {
    "id": "b535700a-fbff-4884-a78e-6c74bb41cd26",
    "data": [
      {
        "text": "discordo",
        "userDefined": false
      }
    ],
    "isTemplate": false,
    "count": 1,
    "lang": "pt-br",
    "updated": 0
  },
  {
    "id": "5dc6bf34-d03d-46a3-b626-1e06c5b4a44e",
    "data": [
      {
        "text": "definitivamente não",
        "userDefined": false
      }
    ],
    "isTemplate": false,
    "count": 1,
    "lang": "pt-br",
    "updated": 0
  },
  {
    "id": "16ee7c6a-bf38-4fac-a858-e3a3140b6264",
    "data": [
      {
        "text": "não obrigado",
        "userDefined": false
      }
    ],
    "isTemplate": false,
    "count": 2,
    "lang": "pt-br",
    "updated": 0
  },
  {
    "id": "36622386-6e1b-4929-8596-43b0868626b5",
    "data": [
      {
        "text": "acho que não",
        "userDefined": false
      }
    ],
    "isTemplate": false,
    "count": 0,
    "lang": "pt-br",
    "updated": 0
  },
  {
    "id": "c9feb338-39da-47c6-821e-37028167d543",
    "data": [
      {
        "text": "não",
        "userDefined": false
      }
    ],
    "isTemplate": false,
    "count": 4,
    "lang": "pt-br",
    "updated": 0
  },
  {
    "id": "5782f0b9-0625-4451-8762-09c57fda3128",
    "data": [
      {
        "text": "não tenho interesse",
        "userDefined": false
      }
    ],
    "isTemplate": false,
    "count": 0,
    "lang": "pt-br",
    "updated": 0
  },
  {
    "id": "df318daa-e6d7-4364-a75f-11d935802f98",
    "data": [
      {
        "text": "não quero isso",
        "userDefined": false
      }
    ],
    "isTemplate": false,
    "count": 0,
    "lang": "pt-br",
    "updated": 0
  },
  {
    "id": "b4817bbd-266e-4dd4-ad9f-2d27576e1b6b",
    "data": [
      {
        "text": "não faça isso",
        "userDefined": false
      }
    ],
    "isTemplate": false,
    "count": 1,
    "lang": "pt-br",
    "updated": 0
  },
  {
    "id": "8c9054ee-9ea3-49d2-8227-4a48c05caa1a",
    "data": [
      {
        "text": "não mesmo",
        "userDefined": false
      }
    ],
    "isTemplate": false,
    "count": 1,
    "lang": "pt-br",
    "updated": 0
  }
]