[
  {
    "id": "ab0d4be5-fe3a-4784-87ad-9184a63c6c04",
    "data": [
      {
        "text": "estagio",
        "userDefined": false
      }
    ],
    "isTemplate": false,
    "count": 0,
    "lang": "pt-br",
    "updated": 0
  },
  {
    "id": "e8a9be28-cabe-4e00-9d84-55863d6253ac",
    "data": [
      {
        "text": "assinatura do diretor estagio",
        "userDefined": false
      }
    ],
    "isTemplate": false,
    "count": 0,
    "lang": "pt-br",
    "updated": 0
  },
  {
    "id": "17139489-3738-4d28-832b-f40d0efa0fc3",
    "data": [
      {
        "text": "cadastrar termo de estágio",
        "userDefined": false
      }
    ],
    "isTemplate": false,
    "count": 0,
    "lang": "pt-br",
    "updated": 0
  },
  {
    "id": "7213a502-79e2-4f97-a433-fbeefec64f79",
    "data": [
      {
        "text": "termo de estágio",
        "userDefined": false
      }
    ],
    "isTemplate": false,
    "count": 1,
    "lang": "pt-br",
    "updated": 0
  },
  {
    "id": "af602978-0ec7-49e2-bc3d-21cc167fc21f",
    "data": [
      {
        "text": "Estágio",
        "userDefined": false
      }
    ],
    "isTemplate": false,
    "count": 1,
    "lang": "pt-br",
    "updated": 0
  },
  {
    "id": "ebf11ba3-8d55-4ff6-bcb3-ae8d013ab8cc",
    "data": [
      {
        "text": "Preciso de ajuda com estágio",
        "userDefined": false
      }
    ],
    "isTemplate": false,
    "count": 0,
    "lang": "pt-br",
    "updated": 0
  },
  {
    "id": "465b1d06-073f-41fd-98ea-d48b909a404f",
    "data": [
      {
        "text": "prática",
        "userDefined": false
      }
    ],
    "isTemplate": false,
    "count": 0,
    "lang": "pt-br",
    "updated": 0
  },
  {
    "id": "7bad4e17-dd2d-45d3-98a6-7f79e18ff21c",
    "data": [
      {
        "text": "experiência",
        "userDefined": false
      }
    ],
    "isTemplate": false,
    "count": 0,
    "lang": "pt-br",
    "updated": 0
  },
  {
    "id": "33a36b60-d123-4d2e-bec0-deb21169ccea",
    "data": [
      {
        "text": "trabalho",
        "userDefined": false
      }
    ],
    "isTemplate": false,
    "count": 0,
    "lang": "pt-br",
    "updated": 0
  },
  {
    "id": "1b0de57e-d276-42f8-b27f-8a2e5c0a5d97",
    "data": [
      {
        "text": "estágio obrigatório",
        "userDefined": false
      }
    ],
    "isTemplate": false,
    "count": 0,
    "lang": "pt-br",
    "updated": 0
  },
  {
    "id": "08017c67-fe24-4566-84ed-4e5942621473",
    "data": [
      {
        "text": "estágio supervisionado",
        "userDefined": false
      }
    ],
    "isTemplate": false,
    "count": 0,
    "lang": "pt-br",
    "updated": 0
  },
  {
    "id": "49ba40eb-4537-46b4-89fa-3983acb0ecab",
    "data": [
      {
        "text": "campo de estágio",
        "userDefined": false
      }
    ],
    "isTemplate": false,
    "count": 0,
    "lang": "pt-br",
    "updated": 0
  },
  {
    "id": "d7a6851a-b1a2-4b3d-aec8-db101acd2bb0",
    "data": [
      {
        "text": "como fazer estágio",
        "userDefined": false
      }
    ],
    "isTemplate": false,
    "count": 0,
    "lang": "pt-br",
    "updated": 0
  },
  {
    "id": "c36e933e-d271-4599-aad2-1619cbd56852",
    "data": [
      {
        "text": "documentos estágio",
        "userDefined": false
      }
    ],
    "isTemplate": false,
    "count": 0,
    "lang": "pt-br",
    "updated": 0
  },
  {
    "id": "ba76bf9e-c866-4b73-9116-8def195c0562",
    "data": [
      {
        "text": "relatório estágio",
        "userDefined": false
      }
    ],
    "isTemplate": false,
    "count": 0,
    "lang": "pt-br",
    "updated": 0
  },
  {
    "id": "f26d25da-7ff2-4052-9a90-9d52c5991e42",
    "data": [
      {
        "text": "quero saber sobre assinatura do diretor estagio",
        "userDefined": false
      }
    ],
    "isTemplate": false,
    "count": 0,
    "lang": "pt-br",
    "updated": 0
  },
  {
    "id": "f4bc8b5c-f8fb-4c22-ae6b-e352c239c9a9",
    "data": [
      {
        "text": "me fale sobre assinatura do diretor estagio",
        "userDefined": false
      }
    ],
    "isTemplate": false,
    "count": 0,
    "lang": "pt-br",
    "updated": 0
  },
  {
    "id": "8cd2a5e7-e12d-4d25-a883-25f248c1cdf5",
    "data": [
      {
        "text": "preciso de informação sobre assinatura do diretor estagio",
        "userDefined": false
      }
    ],
    "isTemplate": false,
    "count": 0,
    "lang": "pt-br",
    "updated": 0
  },
  {
    "id": "c893b198-a768-426a-bfe4-16df8ea00457",
    "data": [
      {
        "text": "como funciona assinatura do diretor estagio",
        "userDefined": false
      }
    ],
    "isTemplate": false,
    "count": 0,
    "lang": "pt-br",
    "updated": 0
  },
  {
    "id": "27644344-53b1-476f-a74e-2009ac66ef01",
    "data": [
      {
        "text": "qual o processo de assinatura do diretor estagio",
        "userDefined": false
      }
    ],
    "isTemplate": false,
    "count": 0,
    "lang": "pt-br",
    "updated": 0
  },
  {
    "id": "8a7b6ffe-8557-4fb3-af0d-2ea7a2a49e7b",
    "data": [
      {
        "text": "quero saber sobre cadastrar termo de estágio",
        "userDefined": false
      }
    ],
    "isTemplate": false,
    "count": 0,
    "lang": "pt-br",
    "updated": 0
  },
  {
    "id": "74559aa4-1239-4094-8740-0488e341e130",
    "data": [
      {
        "text": "me fale sobre cadastrar termo de estágio",
        "userDefined": false
      }
    ],
    "isTemplate": false,
    "count": 0,
    "lang": "pt-br",
    "updated": 0
  },
  {
    "id": "90eb43ba-ec74-4648-82d3-8fa5e57e9a96",
    "data": [
      {
        "text": "preciso de informação sobre cadastrar termo de estágio",
        "userDefined": false
      }
    ],
    "isTemplate": false,
    "count": 0,
    "lang": "pt-br",
    "updated": 0
  },
  {
    "id": "52a8711f-3b6d-4c82-819a-5c17fd580a90",
    "data": [
      {
        "text": "como funciona cadastrar termo de estágio",
        "userDefined": false
      }
    ],
    "isTemplate": false,
    "count": 0,
    "lang": "pt-br",
    "updated": 0
  },
  {
    "id": "d1e96453-c0c4-451e-a700-213b984e9fce",
    "data": [
      {
        "text": "qual o processo de cadastrar termo de estágio",
        "userDefined": false
      }
    ],
    "isTemplate": false,
    "count": 0,
    "lang": "pt-br",
    "updated": 0
  },
  {
    "id": "5e429311-1f98-4ddf-a171-29b5cdc2e6c2",
    "data": [
      {
        "text": "quero saber sobre termo de estágio",
        "userDefined": false
      }
    ],
    "isTemplate": false,
    "count": 0,
    "lang": "pt-br",
    "updated": 0
  },
  {
    "id": "6debb937-d8ed-40c4-b958-8327b82ad7d4",
    "data": [
      {
        "text": "me fale sobre termo de estágio",
        "userDefined": false
      }
    ],
    "isTemplate": false,
    "count": 0,
    "lang": "pt-br",
    "updated": 0
  },
  {
    "id": "6f9e3ac0-780d-4d53-9171-732e26e11322",
    "data": [
      {
        "text": "preciso de informação sobre termo de estágio",
        "userDefined": false
      }
    ],
    "isTemplate": false,
    "count": 0,
    "lang": "pt-br",
    "updated": 0
  },
  {
    "id": "58a4c196-0228-4400-b1ab-284830e9fe7d",
    "data": [
      {
        "text": "como funciona termo de estágio",
        "userDefined": false
      }
    ],
    "isTemplate": false,
    "count": 0,
    "lang": "pt-br",
    "updated": 0
  },
  {
    "id": "c65229f2-fa16-4498-ab9f-200df0a771ba",
    "data": [
      {
        "text": "qual o processo de termo de estágio",
        "userDefined": false
      }
    ],
    "isTemplate": false,
    "count": 0,
    "lang": "pt-br",
    "updated": 0
  }
]