[
  {
    "id": "2d97033c-b351-4402-a7c0-767c06c5c046",
    "data": [
      {
        "text": "faça isso",
        "userDefined": false
      }
    ],
    "isTemplate": false,
    "count": 0,
    "lang": "pt-br",
    "updated": 0
  },
  {
    "id": "920943e5-4ddd-441f-8d90-883d47a7006d",
    "data": [
      {
        "text": "confirmar",
        "userDefined": false
      }
    ],
    "isTemplate": false,
    "count": 3,
    "lang": "pt-br",
    "updated": 0
  },
  {
    "id": "ebf16ef5-a1b3-4585-b040-6b8a11791292",
    "data": [
      {
        "text": "sim",
        "userDefined": false
      }
    ],
    "isTemplate": false,
    "count": 3,
    "lang": "pt-br",
    "updated": 0
  },
  {
    "id": "ff09aa47-6b8f-4d3a-a2ec-a001690c5bd9",
    "data": [
      {
        "text": "isso mesmo",
        "userDefined": false
      }
    ],
    "isTemplate": false,
    "count": 1,
    "lang": "pt-br",
    "updated": 0
  },
  {
    "id": "ed3d749d-9511-4bb9-9a31-22b3a1c7b61c",
    "data": [
      {
        "text": "concordo",
        "userDefined": false
      }
    ],
    "isTemplate": false,
    "count": 0,
    "lang": "pt-br",
    "updated": 0
  },
  {
    "id": "cc517769-a439-4c72-92cb-336d1e0752be",
    "data": [
      {
        "text": "parece bom",
        "userDefined": false
      }
    ],
    "isTemplate": false,
    "count": 1,
    "lang": "pt-br",
    "updated": 0
  },
  {
    "id": "acd68744-08de-4eb1-8075-757feb4e654a",
    "data": [
      {
        "text": "claro",
        "userDefined": false
      }
    ],
    "isTemplate": false,
    "count": 2,
    "lang": "pt-br",
    "updated": 0
  },
  {
    "id": "ee1a5cb5-0524-43c1-b25c-2fa109d93cf8",
    "data": [
      {
        "text": "exatamente",
        "userDefined": false
      }
    ],
    "isTemplate": false,
    "count": 1,
    "lang": "pt-br",
    "updated": 0
  },
  {
    "id": "3595678b-14f2-447e-92ed-8faa9276b8f1",
    "data": [
      {
        "text": "com certeza",
        "userDefined": false
      }
    ],
    "isTemplate": false,
    "count": 0,
    "lang": "pt-br",
    "updated": 0
  },
  {
    "id": "fca150f0-9f7e-4286-97ed-be6259280415",
    "data": [
      {
        "text": "estágio",
        "userDefined": false
      }
    ],
    "isTemplate": false,
    "count": 0,
    "lang": "pt-br",
    "updated": 0
  },
  {
    "id": "1c2c459a-1bf1-4399-acc4-3225f67371b0",
    "data": [
      {
        "text": "estagio",
        "userDefined": false
      }
    ],
    "isTemplate": false,
    "count": 0,
    "lang": "pt-br",
    "updated": 0
  },
  {
    "id": "dc58d7e3-d05e-4a31-92b9-dc4ac2bc1114",
    "data": [
      {
        "text": "prática",
        "userDefined": false
      }
    ],
    "isTemplate": false,
    "count": 0,
    "lang": "pt-br",
    "updated": 0
  },
  {
    "id": "c8f273d3-dfda-4f06-8c95-cedddf8b533f",
    "data": [
      {
        "text": "experiência",
        "userDefined": false
      }
    ],
    "isTemplate": false,
    "count": 0,
    "lang": "pt-br",
    "updated": 0
  },
  {
    "id": "2dda43be-36cf-4f1a-8404-89cbec97ec53",
    "data": [
      {
        "text": "trabalho",
        "userDefined": false
      }
    ],
    "isTemplate": false,
    "count": 0,
    "lang": "pt-br",
    "updated": 0
  },
  {
    "id": "7c74426f-f328-49dd-9d89-7e1f2a67b0e9",
    "data": [
      {
        "text": "estágio obrigatório",
        "userDefined": false
      }
    ],
    "isTemplate": false,
    "count": 0,
    "lang": "pt-br",
    "updated": 0
  },
  {
    "id": "04582c40-38fe-4c99-9c35-6cc471e4771c",
    "data": [
      {
        "text": "estágio supervisionado",
        "userDefined": false
      }
    ],
    "isTemplate": false,
    "count": 0,
    "lang": "pt-br",
    "updated": 0
  },
  {
    "id": "44447f92-48a8-4224-bdd2-b7b1723d52e1",
    "data": [
      {
        "text": "campo de estágio",
        "userDefined": false
      }
    ],
    "isTemplate": false,
    "count": 0,
    "lang": "pt-br",
    "updated": 0
  },
  {
    "id": "40588616-95d9-446a-a6c7-ffa25f676c38",
    "data": [
      {
        "text": "como fazer estágio",
        "userDefined": false
      }
    ],
    "isTemplate": false,
    "count": 0,
    "lang": "pt-br",
    "updated": 0
  },
  {
    "id": "acf10439-7369-4f02-bc3f-5fb611f62ff6",
    "data": [
      {
        "text": "documentos estágio",
        "userDefined": false
      }
    ],
    "isTemplate": false,
    "count": 0,
    "lang": "pt-br",
    "updated": 0
  },
  {
    "id": "c0fe15d0-e2bf-4118-8537-7ae4d4184ab9",
    "data": [
      {
        "text": "relatório estágio",
        "userDefined": false
      }
    ],
    "isTemplate": false,
    "count": 0,
    "lang": "pt-br",
    "updated": 0
  },
  {
    "id": "49597562-e911-488e-b360-61c959f97179",
    "data": [
      {
        "text": "quero saber sobre faça isso",
        "userDefined": false
      }
    ],
    "isTemplate": false,
    "count": 0,
    "lang": "pt-br",
    "updated": 0
  },
  {
    "id": "397ce3c1-5aa0-4153-ac0e-b36a7c77ac67",
    "data": [
      {
        "text": "me fale sobre faça isso",
        "userDefined": false
      }
    ],
    "isTemplate": false,
    "count": 0,
    "lang": "pt-br",
    "updated": 0
  },
  {
    "id": "2c3362ef-17f3-419b-8147-dd0b7206767e",
    "data": [
      {
        "text": "preciso de informação sobre faça isso",
        "userDefined": false
      }
    ],
    "isTemplate": false,
    "count": 0,
    "lang": "pt-br",
    "updated": 0
  },
  {
    "id": "07d4a7a2-6647-47cc-a4ec-74ab9d96590a",
    "data": [
      {
        "text": "como funciona faça isso",
        "userDefined": false
      }
    ],
    "isTemplate": false,
    "count": 0,
    "lang": "pt-br",
    "updated": 0
  },
  {
    "id": "c359ca00-3bb7-4fc1-9677-8a951dd0434d",
    "data": [
      {
        "text": "qual o processo de faça isso",
        "userDefined": false
      }
    ],
    "isTemplate": false,
    "count": 0,
    "lang": "pt-br",
    "updated": 0
  },
  {
    "id": "7488dcef-0f87-464e-a9ae-8cbbe44dca82",
    "data": [
      {
        "text": "quero saber sobre confirmar",
        "userDefined": false
      }
    ],
    "isTemplate": false,
    "count": 0,
    "lang": "pt-br",
    "updated": 0
  },
  {
    "id": "857f0d71-c84e-4127-981c-e5c0737a518d",
    "data": [
      {
        "text": "me fale sobre confirmar",
        "userDefined": false
      }
    ],
    "isTemplate": false,
    "count": 0,
    "lang": "pt-br",
    "updated": 0
  },
  {
    "id": "b7fff8cf-2e9f-419c-9d4e-82072f114dbd",
    "data": [
      {
        "text": "preciso de informação sobre confirmar",
        "userDefined": false
      }
    ],
    "isTemplate": false,
    "count": 0,
    "lang": "pt-br",
    "updated": 0
  },
  {
    "id": "50c4c8dd-6062-4b65-a731-0866e47e0d72",
    "data": [
      {
        "text": "como funciona confirmar",
        "userDefined": false
      }
    ],
    "isTemplate": false,
    "count": 0,
    "lang": "pt-br",
    "updated": 0
  },
  {
    "id": "4edf4c50-7a59-4a31-8598-e94f0562a5fc",
    "data": [
      {
        "text": "qual o processo de confirmar",
        "userDefined": false
      }
    ],
    "isTemplate": false,
    "count": 0,
    "lang": "pt-br",
    "updated": 0
  },
  {
    "id": "a277daa7-9eca-4a02-b786-11ac6e94e0ae",
    "data": [
      {
        "text": "quero saber sobre sim",
        "userDefined": false
      }
    ],
    "isTemplate": false,
    "count": 0,
    "lang": "pt-br",
    "updated": 0
  },
  {
    "id": "3752aec2-4032-414c-bffb-23952cab6f21",
    "data": [
      {
        "text": "me fale sobre sim",
        "userDefined": false
      }
    ],
    "isTemplate": false,
    "count": 0,
    "lang": "pt-br",
    "updated": 0
  },
  {
    "id": "0be536c5-2a01-4a98-9ed0-09358c236319",
    "data": [
      {
        "text": "preciso de informação sobre sim",
        "userDefined": false
      }
    ],
    "isTemplate": false,
    "count": 0,
    "lang": "pt-br",
    "updated": 0
  },
  {
    "id": "c58f2dfe-9059-41c6-8d39-df61e84437bb",
    "data": [
      {
        "text": "como funciona sim",
        "userDefined": false
      }
    ],
    "isTemplate": false,
    "count": 0,
    "lang": "pt-br",
    "updated": 0
  },
  {
    "id": "ab7fa706-c80e-405d-8c81-938fb6b18fce",
    "data": [
      {
        "text": "qual o processo de sim",
        "userDefined": false
      }
    ],
    "isTemplate": false,
    "count": 0,
    "lang": "pt-br",
    "updated": 0
  }
]