[
  {
    "id": "0bb1deb7-8468-47fd-b2d8-702f9dbb5bec",
    "data": [
      {
        "text": "faça isso",
        "userDefined": false
      }
    ],
    "isTemplate": false,
    "count": 0,
    "lang": "pt-br",
    "updated": 0
  },
  {
    "id": "de7ebb50-2d3a-45a1-b499-3d8c3b96d6d5",
    "data": [
      {
        "text": "confirmar",
        "userDefined": false
      }
    ],
    "isTemplate": false,
    "count": 3,
    "lang": "pt-br",
    "updated": 0
  },
  {
    "id": "aadc717a-0cdd-4065-ae40-34b4f0a3875f",
    "data": [
      {
        "text": "sim",
        "userDefined": false
      }
    ],
    "isTemplate": false,
    "count": 3,
    "lang": "pt-br",
    "updated": 0
  },
  {
    "id": "bf26acb3-b14f-4c74-8932-d2c1ecc1bc32",
    "data": [
      {
        "text": "isso mesmo",
        "userDefined": false
      }
    ],
    "isTemplate": false,
    "count": 1,
    "lang": "pt-br",
    "updated": 0
  },
  {
    "id": "9ab33c30-33af-47fe-8bd0-6b684cd57f33",
    "data": [
      {
        "text": "concordo",
        "userDefined": false
      }
    ],
    "isTemplate": false,
    "count": 0,
    "lang": "pt-br",
    "updated": 0
  },
  {
    "id": "bcc06a3a-7d76-457a-ba34-7520939ddc94",
    "data": [
      {
        "text": "parece bom",
        "userDefined": false
      }
    ],
    "isTemplate": false,
    "count": 1,
    "lang": "pt-br",
    "updated": 0
  },
  {
    "id": "d3d6c065-55b8-48d2-b713-3a54146ccd60",
    "data": [
      {
        "text": "claro",
        "userDefined": false
      }
    ],
    "isTemplate": false,
    "count": 2,
    "lang": "pt-br",
    "updated": 0
  },
  {
    "id": "fa7b9485-52a7-4987-a049-002fae5a3b49",
    "data": [
      {
        "text": "exatamente",
        "userDefined": false
      }
    ],
    "isTemplate": false,
    "count": 1,
    "lang": "pt-br",
    "updated": 0
  },
  {
    "id": "e19effe7-80d6-439a-87ed-efed95950a7d",
    "data": [
      {
        "text": "com certeza",
        "userDefined": false
      }
    ],
    "isTemplate": false,
    "count": 0,
    "lang": "pt-br",
    "updated": 0
  }
]