[
  {
    "id": "0692f5b1-e8d8-44d9-aed7-436518b7b4ed",
    "data": [
      {
        "text": "horário de adm",
        "userDefined": false
      }
    ],
    "isTemplate": false,
    "count": 0,
    "lang": "pt-br",
    "updated": 0
  },
  {
    "id": "e729a3eb-0247-428f-8198-aceb9d855eb6",
    "data": [
      {
        "text": "horário da adm",
        "userDefined": false
      }
    ],
    "isTemplate": false,
    "count": 0,
    "lang": "pt-br",
    "updated": 0
  },
  {
    "id": "9e0ef76e-6e2d-4057-8195-b251f3e8ba11",
    "data": [
      {
        "text": "horário da administração",
        "userDefined": false
      }
    ],
    "isTemplate": false,
    "count": 0,
    "lang": "pt-br",
    "updated": 0
  },
  {
    "id": "d9435883-03a9-4c02-81d3-87bb0df8d2d4",
    "data": [
      {
        "text": "horário adm",
        "userDefined": false
      }
    ],
    "isTemplate": false,
    "count": 0,
    "lang": "pt-br",
    "updated": 0
  },
  {
    "id": "6e975390-bc2e-435a-b8c5-103a68821a32",
    "data": [
      {
        "text": "horário de administração",
        "userDefined": false
      }
    ],
    "isTemplate": false,
    "count": 0,
    "lang": "pt-br",
    "updated": 0
  },
  {
    "id": "36d5f7c5-18a5-4ad9-9bd4-27831efe9c7b",
    "data": [
      {
        "text": "adm",
        "userDefined": false
      }
    ],
    "isTemplate": false,
    "count": 0,
    "lang": "pt-br",
    "updated": 0
  },
  {
    "id": "3656d097-7ec9-420d-a854-f05a30b5fa22",
    "data": [
      {
        "text": "curso de administração",
        "userDefined": false
      }
    ],
    "isTemplate": false,
    "count": 0,
    "lang": "pt-br",
    "updated": 0
  },
  {
    "id": "08319f7f-f005-4ab6-9613-59d3d57627cf",
    "data": [
      {
        "text": "administração de empresas",
        "userDefined": false
      }
    ],
    "isTemplate": false,
    "count": 0,
    "lang": "pt-br",
    "updated": 0
  },
  {
    "id": "85f46a19-7379-46eb-ae83-56670b37080c",
    "data": [
      {
        "text": "administração",
        "userDefined": false
      }
    ],
    "isTemplate": false,
    "count": 0,
    "lang": "pt-br",
    "updated": 0
  },
  {
    "id": "58d3a105-1562-449a-aafc-627e83e4eff3",
    "data": [
      {
        "text": "administracao",
        "userDefined": false
      }
    ],
    "isTemplate": false,
    "count": 0,
    "lang": "pt-br",
    "updated": 0
  },
  {
    "id": "30f811b8-9254-4ac2-82a5-9bdeca24bcd0",
    "data": [
      {
        "text": "horário",
        "userDefined": false
      }
    ],
    "isTemplate": false,
    "count": 0,
    "lang": "pt-br",
    "updated": 0
  }
]