[
  {
    "id": "a7f2cefe-ce6d-4834-97c5-49ad8b92c655",
    "data": [
      {
        "text": "horário processos gerenciais",
        "userDefined": false
      }
    ],
    "isTemplate": false,
    "count": 0,
    "lang": "pt-br",
    "updated": 0
  },
  {
    "id": "b75aeac1-a4ba-4a64-9b0e-d78344dcfc58",
    "data": [
      {
        "text": "horário de processos gerenciais",
        "userDefined": false
      }
    ],
    "isTemplate": false,
    "count": 0,
    "lang": "pt-br",
    "updated": 0
  },
  {
    "id": "8a63037f-63cc-4be6-b51a-2886c0318a47",
    "data": [
      {
        "text": "horário de ",
        "userDefined": false
      },
      {
        "text": "TPG",
        "meta": "@sys.location",
        "alias": "location",
        "userDefined": false
      }
    ],
    "isTemplate": false,
    "count": 0,
    "lang": "pt-br",
    "updated": 0
  },
  {
    "id": "d8e48fb8-8841-4d3d-a755-eaa46e90d4b4",
    "data": [
      {
        "text": "tecnologia em processos gerenciais",
        "userDefined": false
      }
    ],
    "isTemplate": false,
    "count": 0,
    "lang": "pt-br",
    "updated": 0
  },
  {
    "id": "0d186c5a-2d28-47ab-ba04-c7972b5bb236",
    "data": [
      {
        "text": "processos gerenciais",
        "userDefined": false
      }
    ],
    "isTemplate": false,
    "count": 0,
    "lang": "pt-br",
    "updated": 0
  },
  {
    "id": "cd01383f-3fa7-4403-a342-4f1f9b4d011c",
    "data": [
      {
        "text": "tpg",
        "userDefined": false
      }
    ],
    "isTemplate": false,
    "count": 0,
    "lang": "pt-br",
    "updated": 0
  },
  {
    "id": "33c614f8-b8b0-4126-8aa3-713d364632dc",
    "data": [
      {
        "text": "horário tpg",
        "userDefined": false
      }
    ],
    "isTemplate": false,
    "count": 0,
    "lang": "pt-br",
    "updated": 0
  }
]