[
  {
    "id": "365546a0-e4e5-43fd-aa97-9b7fd9b229be",
    "data": [
      {
        "text": "horário do turismo",
        "userDefined": false
      }
    ],
    "isTemplate": false,
    "count": 0,
    "lang": "pt-br",
    "updated": 0
  },
  {
    "id": "5bff50aa-2b50-4a97-a826-55edd86842ff",
    "data": [
      {
        "text": "horário tur",
        "userDefined": false
      }
    ],
    "isTemplate": false,
    "count": 0,
    "lang": "pt-br",
    "updated": 0
  },
  {
    "id": "51ba11b7-da7e-4d35-bdc4-6a988d270b9f",
    "data": [
      {
        "text": "horário turismo",
        "userDefined": false
      }
    ],
    "isTemplate": false,
    "count": 0,
    "lang": "pt-br",
    "updated": 0
  },
  {
    "id": "2242aa30-40e8-4af1-b409-2ce51bff812e",
    "data": [
      {
        "text": "horário de turismo",
        "userDefined": false
      }
    ],
    "isTemplate": false,
    "count": 0,
    "lang": "pt-br",
    "updated": 0
  },
  {
    "id": "ee3cf5a1-d93b-41ca-bb14-578c82b43035",
    "data": [
      {
        "text": "turis",
        "userDefined": false
      }
    ],
    "isTemplate": false,
    "count": 0,
    "lang": "pt-br",
    "updated": 0
  },
  {
    "id": "a5e0f725-0cdc-4fa4-8da2-dc79176b0f4f",
    "data": [
      {
        "text": "curso de turismo",
        "userDefined": false
      }
    ],
    "isTemplate": false,
    "count": 0,
    "lang": "pt-br",
    "updated": 0
  },
  {
    "id": "d546f63e-d9d5-4c0c-be9e-4150a3936941",
    "data": [
      {
        "text": "turismo",
        "userDefined": false
      }
    ],
    "isTemplate": false,
    "count": 0,
    "lang": "pt-br",
    "updated": 0
  },
  {
    "id": "51e8b966-ffd7-49cf-a029-4fad83c45317",
    "data": [
      {
        "text": "horário",
        "userDefined": false
      }
    ],
    "isTemplate": false,
    "count": 0,
    "lang": "pt-br",
    "updated": 0
  }
]