[
  {
    "id": "78a752dd-d5f1-498f-9c62-008cc934e3dd",
    "data": [
      {
        "text": "horário contabilidade",
        "userDefined": false
      }
    ],
    "isTemplate": false,
    "count": 0,
    "lang": "pt-br",
    "updated": 0
  },
  {
    "id": "f0afb036-c1d6-4529-bf81-27451f4770d5",
    "data": [
      {
        "text": "horário de c. contábeis",
        "userDefined": false
      }
    ],
    "isTemplate": false,
    "count": 0,
    "lang": "pt-br",
    "updated": 0
  },
  {
    "id": "116e1242-4b31-42ac-86fd-7e637c4bfbfe",
    "data": [
      {
        "text": "horário de ciências contábeis",
        "userDefined": false
      }
    ],
    "isTemplate": false,
    "count": 0,
    "lang": "pt-br",
    "updated": 0
  },
  {
    "id": "aff38771-b3ff-4576-94a9-ed8573d304f4",
    "data": [
      {
        "text": "horário de contábeis",
        "userDefined": false
      }
    ],
    "isTemplate": false,
    "count": 0,
    "lang": "pt-br",
    "updated": 0
  },
  {
    "id": "e64e0e6e-2b66-481b-a62e-8c1590a98a5b",
    "data": [
      {
        "text": "ciências contábeis",
        "userDefined": false
      }
    ],
    "isTemplate": false,
    "count": 0,
    "lang": "pt-br",
    "updated": 0
  },
  {
    "id": "43842dc9-9c9d-46df-b7ba-ed0c33c4db61",
    "data": [
      {
        "text": "contabilidade",
        "userDefined": false
      }
    ],
    "isTemplate": false,
    "count": 0,
    "lang": "pt-br",
    "updated": 0
  },
  {
    "id": "ef4c2140-2ff2-4e30-9530-0583d2a0a794",
    "data": [
      {
        "text": "contábeis",
        "userDefined": false
      }
    ],
    "isTemplate": false,
    "count": 0,
    "lang": "pt-br",
    "updated": 0
  },
  {
    "id": "729f8f52-521c-4739-8828-936ac78760b0",
    "data": [
      {
        "text": "ccont",
        "userDefined": false
      }
    ],
    "isTemplate": false,
    "count": 0,
    "lang": "pt-br",
    "updated": 0
  },
  {
    "id": "a65ea5db-3ca3-4516-bdef-b29455ddecc3",
    "data": [
      {
        "text": "cont",
        "userDefined": false
      }
    ],
    "isTemplate": false,
    "count": 0,
    "lang": "pt-br",
    "updated": 0
  },
  {
    "id": "3b3045b4-eac6-46a1-8223-085adf32b4b7",
    "data": [
      {
        "text": "horário",
        "userDefined": false
      }
    ],
    "isTemplate": false,
    "count": 0,
    "lang": "pt-br",
    "updated": 0
  }
]