[
  {
    "id": "5da4c50d-445c-4d75-924b-73120319d2f4",
    "data": [
      {
        "text": "horário economia",
        "userDefined": false
      }
    ],
    "isTemplate": false,
    "count": 0,
    "lang": "pt-br",
    "updated": 0
  },
  {
    "id": "b9353ba7-4ac8-4616-bb44-46ef840fbe50",
    "data": [
      {
        "text": "horário c. econômicas",
        "userDefined": false
      }
    ],
    "isTemplate": false,
    "count": 0,
    "lang": "pt-br",
    "updated": 0
  },
  {
    "id": "8d3579d5-fc82-4925-afa2-70ce2c57382a",
    "data": [
      {
        "text": "horário de ciências econômicas",
        "userDefined": false
      }
    ],
    "isTemplate": false,
    "count": 0,
    "lang": "pt-br",
    "updated": 0
  },
  {
    "id": "bb286d7d-9298-43f2-bafc-fc9e4d375e00",
    "data": [
      {
        "text": "horário de economia",
        "userDefined": false
      }
    ],
    "isTemplate": false,
    "count": 0,
    "lang": "pt-br",
    "updated": 0
  },
  {
    "id": "91af73b6-dcbe-4a6b-b15c-0f017613be73",
    "data": [
      {
        "text": "ciencias economicas",
        "userDefined": false
      }
    ],
    "isTemplate": false,
    "count": 0,
    "lang": "pt-br",
    "updated": 0
  },
  {
    "id": "9aa1738e-2c86-4dae-8395-e6ac4c176cce",
    "data": [
      {
        "text": "economia",
        "userDefined": false
      }
    ],
    "isTemplate": false,
    "count": 0,
    "lang": "pt-br",
    "updated": 0
  },
  {
    "id": "b56408b3-cb82-416a-8742-3b02d35d5ba2",
    "data": [
      {
        "text": "cecon",
        "userDefined": false
      }
    ],
    "isTemplate": false,
    "count": 0,
    "lang": "pt-br",
    "updated": 0
  },
  {
    "id": "a670b7a1-98da-4808-8b7f-26e848aa94cc",
    "data": [
      {
        "text": "horário",
        "userDefined": false
      }
    ],
    "isTemplate": false,
    "count": 0,
    "lang": "pt-br",
    "updated": 0
  }
]