[
  {
    "id": "842cd1e5-84be-4639-bea2-4215e0c107fc",
    "data": [
      {
        "text": "discordo",
        "userDefined": false
      }
    ],
    "isTemplate": false,
    "count": 1,
    "lang": "pt-br",
    "updated": 0
  },
  {
    "id": "cd729164-6b64-46ac-a69b-1e49c670afba",
    "data": [
      {
        "text": "definitivamente não",
        "userDefined": false
      }
    ],
    "isTemplate": false,
    "count": 1,
    "lang": "pt-br",
    "updated": 0
  },
  {
    "id": "1c93f4c3-516b-41e5-b25c-70f49e373f30",
    "data": [
      {
        "text": "não obrigado",
        "userDefined": false
      }
    ],
    "isTemplate": false,
    "count": 2,
    "lang": "pt-br",
    "updated": 0
  },
  {
    "id": "2fc4b1ea-cfca-492f-97f6-231bad0a4c48",
    "data": [
      {
        "text": "acho que não",
        "userDefined": false
      }
    ],
    "isTemplate": false,
    "count": 0,
    "lang": "pt-br",
    "updated": 0
  },
  {
    "id": "24ec35b3-c13d-4450-9577-fa065e0b1b8d",
    "data": [
      {
        "text": "não",
        "userDefined": false
      }
    ],
    "isTemplate": false,
    "count": 4,
    "lang": "pt-br",
    "updated": 0
  },
  {
    "id": "0833638f-7386-47d5-acf1-74ab49717924",
    "data": [
      {
        "text": "não tenho interesse",
        "userDefined": false
      }
    ],
    "isTemplate": false,
    "count": 0,
    "lang": "pt-br",
    "updated": 0
  },
  {
    "id": "f3cf812e-1a78-46dc-b8a1-3e47ad14e672",
    "data": [
      {
        "text": "não quero isso",
        "userDefined": false
      }
    ],
    "isTemplate": false,
    "count": 0,
    "lang": "pt-br",
    "updated": 0
  },
  {
    "id": "09804b0f-9492-46b1-972a-b5d5a679cd7e",
    "data": [
      {
        "text": "não faça isso",
        "userDefined": false
      }
    ],
    "isTemplate": false,
    "count": 1,
    "lang": "pt-br",
    "updated": 0
  },
  {
    "id": "cc974ecf-9572-496c-8576-9085d7ab50da",
    "data": [
      {
        "text": "não mesmo",
        "userDefined": false
      }
    ],
    "isTemplate": false,
    "count": 1,
    "lang": "pt-br",
    "updated": 0
  }
]