[
  {
    "id": "8714e573-1566-4b05-838f-e6487d14bfdf",
    "data": [
      {
        "text": "matrícula",
        "userDefined": false
      }
    ],
    "isTemplate": false,
    "count": 0,
    "lang": "pt-br",
    "updated": 0
  },
  {
    "id": "b0fc46e4-98a0-491d-bfce-3021c27f0d85",
    "data": [
      {
        "text": "preciso me matricular",
        "userDefined": false
      }
    ],
    "isTemplate": false,
    "count": 0,
    "lang": "pt-br",
    "updated": 0
  },
  {
    "id": "73b5dbe1-c22c-4667-9112-4c0f2572b0f0",
    "data": [
      {
        "text": "como me matricular",
        "userDefined": false
      }
    ],
    "isTemplate": false,
    "count": 0,
    "lang": "pt-br",
    "updated": 0
  },
  {
    "id": "bfd6890b-97fa-4a1a-b037-77222399b0a1",
    "data": [
      {
        "text": "tenho dúvidas quanto a matricula",
        "userDefined": false
      }
    ],
    "isTemplate": false,
    "count": 0,
    "lang": "pt-br",
    "updated": 0
  },
  {
    "id": "5191dbfd-df46-41f1-a572-3e1c1b4dee33",
    "data": [
      {
        "text": "como faço a matricula",
        "userDefined": false
      }
    ],
    "isTemplate": false,
    "count": 0,
    "lang": "pt-br",
    "updated": 0
  },
  {
    "id": "4ecdbfdf-76af-494e-9a68-79c7af49057b",
    "data": [
      {
        "text": "como faço minha matricula",
        "userDefined": false
      }
    ],
    "isTemplate": false,
    "count": 1,
    "lang": "pt-br",
    "updated": 0
  },
  {
    "id": "3166dfea-4f1e-49b6-bf97-5a6f559522ff",
    "data": [
      {
        "text": "Matrícula",
        "userDefined": false
      }
    ],
    "isTemplate": false,
    "count": 0,
    "lang": "pt-br",
    "updated": 0
  },
  {
    "id": "bf5f1e2f-ced9-4858-ab34-8adceb0c4d65",
    "data": [
      {
        "text": "fazer matrícula",
        "userDefined": false
      }
    ],
    "isTemplate": false,
    "count": 0,
    "lang": "pt-br",
    "updated": 0
  },
  {
    "id": "2ce02556-814e-47ee-a80e-e5de5bb6dc70",
    "data": [
      {
        "text": "processo de matrícula",
        "userDefined": false
      }
    ],
    "isTemplate": false,
    "count": 0,
    "lang": "pt-br",
    "updated": 0
  },
  {
    "id": "669a70a3-7cc1-4419-8fd2-76437c481476",
    "data": [
      {
        "text": "documentos matrícula",
        "userDefined": false
      }
    ],
    "isTemplate": false,
    "count": 0,
    "lang": "pt-br",
    "updated": 0
  },
  {
    "id": "6e18317f-dcef-4917-9cc0-88afbb6a9f58",
    "data": [
      {
        "text": "matrícula online",
        "userDefined": false
      }
    ],
    "isTemplate": false,
    "count": 0,
    "lang": "pt-br",
    "updated": 0
  },
  {
    "id": "2732adee-8c33-408d-931d-95cede1455a8",
    "data": [
      {
        "text": "matrícula presencial",
        "userDefined": false
      }
    ],
    "isTemplate": false,
    "count": 0,
    "lang": "pt-br",
    "updated": 0
  },
  {
    "id": "48ae56f6-b125-42dc-b59b-e5b7c62e5415",
    "data": [
      {
        "text": "quero saber sobre matrícula",
        "userDefined": false
      }
    ],
    "isTemplate": false,
    "count": 0,
    "lang": "pt-br",
    "updated": 0
  },
  {
    "id": "c6fb63e7-71d9-4f5e-927c-469d54096dfd",
    "data": [
      {
        "text": "me fale sobre matrícula",
        "userDefined": false
      }
    ],
    "isTemplate": false,
    "count": 0,
    "lang": "pt-br",
    "updated": 0
  },
  {
    "id": "5acdc9e4-90d9-4ae7-bc39-c5518509deb9",
    "data": [
      {
        "text": "preciso de informação sobre matrícula",
        "userDefined": false
      }
    ],
    "isTemplate": false,
    "count": 0,
    "lang": "pt-br",
    "updated": 0
  },
  {
    "id": "46b686ee-a4bf-4179-b798-65613a9366dc",
    "data": [
      {
        "text": "como funciona matrícula",
        "userDefined": false
      }
    ],
    "isTemplate": false,
    "count": 0,
    "lang": "pt-br",
    "updated": 0
  },
  {
    "id": "79964dc2-dda9-4a7c-9933-5c60ff4d7b92",
    "data": [
      {
        "text": "qual o processo de matrícula",
        "userDefined": false
      }
    ],
    "isTemplate": false,
    "count": 0,
    "lang": "pt-br",
    "updated": 0
  },
  {
    "id": "aab20c8c-a697-477d-a97b-a1e39fa0d749",
    "data": [
      {
        "text": "quero saber sobre como me matricular",
        "userDefined": false
      }
    ],
    "isTemplate": false,
    "count": 0,
    "lang": "pt-br",
    "updated": 0
  },
  {
    "id": "d51adb76-8b51-4570-b7fc-b433d8924d49",
    "data": [
      {
        "text": "me fale sobre como me matricular",
        "userDefined": false
      }
    ],
    "isTemplate": false,
    "count": 0,
    "lang": "pt-br",
    "updated": 0
  },
  {
    "id": "c1ea7385-7ea4-42a2-a22f-df2918167159",
    "data": [
      {
        "text": "preciso de informação sobre como me matricular",
        "userDefined": false
      }
    ],
    "isTemplate": false,
    "count": 0,
    "lang": "pt-br",
    "updated": 0
  },
  {
    "id": "ae7e6532-e70a-462e-9287-a72aed5edfaf",
    "data": [
      {
        "text": "como funciona como me matricular",
        "userDefined": false
      }
    ],
    "isTemplate": false,
    "count": 0,
    "lang": "pt-br",
    "updated": 0
  },
  {
    "id": "2aaa73b1-240f-41bf-902c-178b5948d0aa",
    "data": [
      {
        "text": "qual o processo de como me matricular",
        "userDefined": false
      }
    ],
    "isTemplate": false,
    "count": 0,
    "lang": "pt-br",
    "updated": 0
  }
]