[
  {
    "id": "d6eb572b-aea5-4912-97d2-71699fba6ac0",
    "data": [
      {
        "text": "faça isso",
        "userDefined": false
      }
    ],
    "isTemplate": false,
    "count": 0,
    "lang": "pt-br",
    "updated": 0
  },
  {
    "id": "056127ba-3494-4caa-be74-620090d0e53c",
    "data": [
      {
        "text": "confirmar",
        "userDefined": false
      }
    ],
    "isTemplate": false,
    "count": 3,
    "lang": "pt-br",
    "updated": 0
  },
  {
    "id": "3dfc4b4f-27f3-4fcd-9ee0-bc4d33d30b71",
    "data": [
      {
        "text": "sim",
        "userDefined": false
      }
    ],
    "isTemplate": false,
    "count": 3,
    "lang": "pt-br",
    "updated": 0
  },
  {
    "id": "5167e4f9-1a3f-473b-8842-73869d3ed809",
    "data": [
      {
        "text": "isso mesmo",
        "userDefined": false
      }
    ],
    "isTemplate": false,
    "count": 1,
    "lang": "pt-br",
    "updated": 0
  },
  {
    "id": "f0980651-741c-4c39-b263-f1a7a65dd395",
    "data": [
      {
        "text": "concordo",
        "userDefined": false
      }
    ],
    "isTemplate": false,
    "count": 0,
    "lang": "pt-br",
    "updated": 0
  },
  {
    "id": "b25537ae-76a0-402d-a8ba-70cc8380257b",
    "data": [
      {
        "text": "parece bom",
        "userDefined": false
      }
    ],
    "isTemplate": false,
    "count": 1,
    "lang": "pt-br",
    "updated": 0
  },
  {
    "id": "a7a281e8-6a21-4ee2-94f9-b03fb7a59f78",
    "data": [
      {
        "text": "claro",
        "userDefined": false
      }
    ],
    "isTemplate": false,
    "count": 2,
    "lang": "pt-br",
    "updated": 0
  },
  {
    "id": "a4b14751-d51e-4884-b348-f7689a0af03e",
    "data": [
      {
        "text": "exatamente",
        "userDefined": false
      }
    ],
    "isTemplate": false,
    "count": 1,
    "lang": "pt-br",
    "updated": 0
  },
  {
    "id": "92ec899e-3601-449d-9b2c-44b9df2fce7f",
    "data": [
      {
        "text": "com certeza",
        "userDefined": false
      }
    ],
    "isTemplate": false,
    "count": 0,
    "lang": "pt-br",
    "updated": 0
  }
]