[
  {
    "id": "44854695-4474-491d-9791-0531277c721c",
    "data": [
      {
        "text": "renovei a segunda etapa",
        "userDefined": false
      }
    ],
    "isTemplate": false,
    "count": 0,
    "lang": "pt-br",
    "updated": 0
  },
  {
    "id": "d7b89f66-6bda-48f9-9a4e-735daea5dc46",
    "data": [
      {
        "text": "sim claro",
        "userDefined": false
      }
    ],
    "isTemplate": false,
    "count": 0,
    "lang": "pt-br",
    "updated": 0
  },
  {
    "id": "e6833388-6372-4f87-9b1f-15ce74fcbe65",
    "data": [
      {
        "text": "com certeza",
        "userDefined": false
      }
    ],
    "isTemplate": false,
    "count": 0,
    "lang": "pt-br",
    "updated": 0
  },
  {
    "id": "6dad3bcf-07bb-404e-bde4-e7748808bd62",
    "data": [
      {
        "text": "claro",
        "userDefined": false
      }
    ],
    "isTemplate": false,
    "count": 0,
    "lang": "pt-br",
    "updated": 0
  },
  {
    "id": "17a0bcd8-d0b5-463e-ba79-0c9e51042124",
    "data": [
      {
        "text": "sim",
        "userDefined": false
      }
    ],
    "isTemplate": false,
    "count": 0,
    "lang": "pt-br",
    "updated": 0
  }
]