[
  {
    "id": "d39fde6d-fb4f-43a0-b0f7-b4167a75f4ae",
    "data": [
      {
        "text": "negativo",
        "userDefined": false
      }
    ],
    "isTemplate": false,
    "count": 0,
    "lang": "pt-br",
    "updated": 0
  },
  {
    "id": "5e331898-234f-41d6-9a87-cf8adeebb494",
    "data": [
      {
        "text": "eu perdi o prazo",
        "userDefined": false
      }
    ],
    "isTemplate": false,
    "count": 0,
    "lang": "pt-br",
    "updated": 0
  },
  {
    "id": "58dcb6ed-830c-4be8-abe4-79675037ac2e",
    "data": [
      {
        "text": "acho que não",
        "userDefined": false
      }
    ],
    "isTemplate": false,
    "count": 0,
    "lang": "pt-br",
    "updated": 0
  },
  {
    "id": "159dc204-4eb0-40f2-b66c-b2b2b71f4c8a",
    "data": [
      {
        "text": "não mesmo",
        "userDefined": false
      }
    ],
    "isTemplate": false,
    "count": 0,
    "lang": "pt-br",
    "updated": 0
  },
  {
    "id": "cfe4afdd-2b74-4b33-9955-a37f320bdaa1",
    "data": [
      {
        "text": "não",
        "userDefined": false
      }
    ],
    "isTemplate": false,
    "count": 1,
    "lang": "pt-br",
    "updated": 0
  }
]