[
  {
    "id": "7f2c343f-3fa6-4bc6-9c6b-3d6c9d2e0303",
    "data": [
      {
        "text": "discordo",
        "userDefined": false
      }
    ],
    "isTemplate": false,
    "count": 1,
    "lang": "pt-br",
    "updated": 0
  },
  {
    "id": "85902c46-6945-4ec0-a8bd-1251563cf750",
    "data": [
      {
        "text": "definitivamente não",
        "userDefined": false
      }
    ],
    "isTemplate": false,
    "count": 1,
    "lang": "pt-br",
    "updated": 0
  },
  {
    "id": "01176855-3b60-4098-ac1f-32d07c5e859a",
    "data": [
      {
        "text": "não obrigado",
        "userDefined": false
      }
    ],
    "isTemplate": false,
    "count": 2,
    "lang": "pt-br",
    "updated": 0
  },
  {
    "id": "34b2bfe4-fc08-4f57-8a99-8810de6d115b",
    "data": [
      {
        "text": "acho que não",
        "userDefined": false
      }
    ],
    "isTemplate": false,
    "count": 0,
    "lang": "pt-br",
    "updated": 0
  },
  {
    "id": "93112dd3-8cd3-4e94-9bae-ba44e93f991b",
    "data": [
      {
        "text": "não",
        "userDefined": false
      }
    ],
    "isTemplate": false,
    "count": 4,
    "lang": "pt-br",
    "updated": 0
  },
  {
    "id": "125816b0-d9ca-4719-ae43-a8111cc1195c",
    "data": [
      {
        "text": "não tenho interesse",
        "userDefined": false
      }
    ],
    "isTemplate": false,
    "count": 0,
    "lang": "pt-br",
    "updated": 0
  },
  {
    "id": "96c54e63-dce9-4f79-aed9-020a9b4a8c25",
    "data": [
      {
        "text": "não quero isso",
        "userDefined": false
      }
    ],
    "isTemplate": false,
    "count": 0,
    "lang": "pt-br",
    "updated": 0
  },
  {
    "id": "6b3275e1-bda6-40ae-bf22-b86eaf71ddde",
    "data": [
      {
        "text": "não faça isso",
        "userDefined": false
      }
    ],
    "isTemplate": false,
    "count": 1,
    "lang": "pt-br",
    "updated": 0
  },
  {
    "id": "81c9b508-2f23-40d4-ba5f-7f69846dd078",
    "data": [
      {
        "text": "não mesmo",
        "userDefined": false
      }
    ],
    "isTemplate": false,
    "count": 1,
    "lang": "pt-br",
    "updated": 0
  }
]