[
  {
    "id": "bc05fa63-c93e-4c13-a61d-89ebc1878de1",
    "data": [
      {
        "text": "esqueci",
        "userDefined": false
      }
    ],
    "isTemplate": false,
    "count": 0,
    "lang": "pt-br",
    "updated": 0
  },
  {
    "id": "206cd181-4b95-4dac-a515-550e29a87818",
    "data": [
      {
        "text": "não fiz",
        "userDefined": false
      }
    ],
    "isTemplate": false,
    "count": 0,
    "lang": "pt-br",
    "updated": 0
  },
  {
    "id": "f9ca19df-601f-421f-9442-67e8c934ffe2",
    "data": [
      {
        "text": "eu não fiz",
        "userDefined": false
      }
    ],
    "isTemplate": false,
    "count": 0,
    "lang": "pt-br",
    "updated": 0
  },
  {
    "id": "a4afe90e-9caa-4f2a-8f8a-74d50259aff2",
    "data": [
      {
        "text": "definitivamente não",
        "userDefined": false
      }
    ],
    "isTemplate": false,
    "count": 0,
    "lang": "pt-br",
    "updated": 0
  },
  {
    "id": "0a61c391-72e6-47ba-9362-3a67ea66bade",
    "data": [
      {
        "text": "acho que não",
        "userDefined": false
      }
    ],
    "isTemplate": false,
    "count": 0,
    "lang": "pt-br",
    "updated": 0
  },
  {
    "id": "76e92599-91d4-4828-8043-180b4af1a768",
    "data": [
      {
        "text": "não mesmo",
        "userDefined": false
      }
    ],
    "isTemplate": false,
    "count": 0,
    "lang": "pt-br",
    "updated": 0
  },
  {
    "id": "1e8e9a12-c389-41a2-8954-3d7669c2bb96",
    "data": [
      {
        "text": "não",
        "userDefined": false
      }
    ],
    "isTemplate": false,
    "count": 0,
    "lang": "pt-br",
    "updated": 0
  }
]