[
  {
    "id": "f42e617f-29bf-451f-b7bf-2c5b91b7d242",
    "data": [
      {
        "text": "fiz",
        "userDefined": false
      }
    ],
    "isTemplate": false,
    "count": 0,
    "lang": "pt-br",
    "updated": 0
  },
  {
    "id": "150ae2f2-fa87-434b-a54a-b5c2c11dc5f5",
    "data": [
      {
        "text": "sim, eu fiz essa etapa",
        "userDefined": false
      }
    ],
    "isTemplate": false,
    "count": 0,
    "lang": "pt-br",
    "updated": 0
  },
  {
    "id": "935d7c0d-743c-416b-b4f5-332a0cca7fc0",
    "data": [
      {
        "text": "sim, eu fiz",
        "userDefined": false
      }
    ],
    "isTemplate": false,
    "count": 0,
    "lang": "pt-br",
    "updated": 0
  },
  {
    "id": "0f8fb59b-27d1-41b1-98ab-60dcd8dd94ae",
    "data": [
      {
        "text": "eu fiz",
        "userDefined": false
      }
    ],
    "isTemplate": false,
    "count": 0,
    "lang": "pt-br",
    "updated": 0
  },
  {
    "id": "9aa9c705-030e-4908-9704-2e61f9f1de04",
    "data": [
      {
        "text": "claro",
        "userDefined": false
      }
    ],
    "isTemplate": false,
    "count": 0,
    "lang": "pt-br",
    "updated": 0
  },
  {
    "id": "1d076c25-6670-4828-a8ff-0f8a23505827",
    "data": [
      {
        "text": "sim",
        "userDefined": false
      }
    ],
    "isTemplate": false,
    "count": 3,
    "lang": "pt-br",
    "updated": 0
  },
  {
    "id": "254cfeaa-e9dd-4147-b441-b32b8beb9e8e",
    "data": [
      {
        "text": "com certeza",
        "userDefined": false
      }
    ],
    "isTemplate": false,
    "count": 0,
    "lang": "pt-br",
    "updated": 0
  }
]