[
  {
    "id": "6ef5ca7d-68b2-4e9a-a5ba-a8909796a040",
    "data": [
      {
        "text": "faça isso",
        "userDefined": false
      }
    ],
    "isTemplate": false,
    "count": 0,
    "lang": "pt-br",
    "updated": 0
  },
  {
    "id": "ea301b0a-c5da-45d6-bd2d-9ad1e5e81d74",
    "data": [
      {
        "text": "confirmar",
        "userDefined": false
      }
    ],
    "isTemplate": false,
    "count": 3,
    "lang": "pt-br",
    "updated": 0
  },
  {
    "id": "d4f43a2d-096e-4187-9124-8e471964e032",
    "data": [
      {
        "text": "sim",
        "userDefined": false
      }
    ],
    "isTemplate": false,
    "count": 3,
    "lang": "pt-br",
    "updated": 0
  },
  {
    "id": "566a16d8-7f2c-498e-8664-ee30734b5c71",
    "data": [
      {
        "text": "isso mesmo",
        "userDefined": false
      }
    ],
    "isTemplate": false,
    "count": 1,
    "lang": "pt-br",
    "updated": 0
  },
  {
    "id": "4d7a255a-afe4-432e-9865-c44b9ec28f96",
    "data": [
      {
        "text": "concordo",
        "userDefined": false
      }
    ],
    "isTemplate": false,
    "count": 0,
    "lang": "pt-br",
    "updated": 0
  },
  {
    "id": "b31b3fbd-041a-4d0e-ae09-d3794a7d48fb",
    "data": [
      {
        "text": "parece bom",
        "userDefined": false
      }
    ],
    "isTemplate": false,
    "count": 1,
    "lang": "pt-br",
    "updated": 0
  },
  {
    "id": "cebea3e5-f0d5-4dd2-81d9-753547b02f02",
    "data": [
      {
        "text": "claro",
        "userDefined": false
      }
    ],
    "isTemplate": false,
    "count": 2,
    "lang": "pt-br",
    "updated": 0
  },
  {
    "id": "301e18e0-7b9f-4e5a-a572-bdd3fba9551b",
    "data": [
      {
        "text": "exatamente",
        "userDefined": false
      }
    ],
    "isTemplate": false,
    "count": 1,
    "lang": "pt-br",
    "updated": 0
  },
  {
    "id": "05866740-7dc3-40f7-b087-a81bbae19a1b",
    "data": [
      {
        "text": "com certeza",
        "userDefined": false
      }
    ],
    "isTemplate": false,
    "count": 0,
    "lang": "pt-br",
    "updated": 0
  }
]