[
  {
    "id": "76b65e6d-2f93-4878-9809-4cfe40ca75dc",
    "data": [
      {
        "text": "como faço para renovar minha matrícula",
        "userDefined": false
      }
    ],
    "isTemplate": false,
    "count": 0,
    "lang": "pt-br",
    "updated": 0
  },
  {
    "id": "c89ac82f-e9b3-4878-8aef-62f419d126d3",
    "data": [
      {
        "text": "renovar matrícula",
        "userDefined": false
      }
    ],
    "isTemplate": false,
    "count": 0,
    "lang": "pt-br",
    "updated": 0
  },
  {
    "id": "4cf52756-c230-4e95-8532-2aeed982bfbe",
    "data": [
      {
        "text": "renovar minha matrícula",
        "userDefined": false
      }
    ],
    "isTemplate": false,
    "count": 1,
    "lang": "pt-br",
    "updated": 0
  },
  {
    "id": "611a34cc-6d3b-4bdf-ac2a-71c4c61a357b",
    "data": [
      {
        "text": "como renovo minha matrícula",
        "userDefined": false
      }
    ],
    "isTemplate": false,
    "count": 0,
    "lang": "pt-br",
    "updated": 0
  },
  {
    "id": "b8f8d078-b6f0-490d-8dc9-93576eb6742b",
    "data": [
      {
        "text": "fazer renovação de matrícula",
        "userDefined": false
      }
    ],
    "isTemplate": false,
    "count": 0,
    "lang": "pt-br",
    "updated": 0
  },
  {
    "id": "4cd0b0e6-4cc7-4e62-b87e-985685c2c8d4",
    "data": [
      {
        "text": "renovação matrícula",
        "userDefined": false
      }
    ],
    "isTemplate": false,
    "count": 0,
    "lang": "pt-br",
    "updated": 0
  },
  {
    "id": "c753e3f1-05ac-4b06-a850-6fbb97732756",
    "data": [
      {
        "text": "Renovação de Matrícula",
        "userDefined": false
      }
    ],
    "isTemplate": false,
    "count": 0,
    "lang": "pt-br",
    "updated": 0
  },
  {
    "id": "fadee527-ac4e-467e-b61b-029eee254b79",
    "data": [
      {
        "text": "quero saber sobre como faço para renovar minha matrícula",
        "userDefined": false
      }
    ],
    "isTemplate": false,
    "count": 0,
    "lang": "pt-br",
    "updated": 0
  },
  {
    "id": "d1f14733-cf10-43ce-8950-cb005242139b",
    "data": [
      {
        "text": "me fale sobre como faço para renovar minha matrícula",
        "userDefined": false
      }
    ],
    "isTemplate": false,
    "count": 0,
    "lang": "pt-br",
    "updated": 0
  },
  {
    "id": "942f909d-e9a0-452a-85bb-ec8013eb01c2",
    "data": [
      {
        "text": "preciso de informação sobre como faço para renovar minha matrícula",
        "userDefined": false
      }
    ],
    "isTemplate": false,
    "count": 0,
    "lang": "pt-br",
    "updated": 0
  },
  {
    "id": "b8f3e2fc-f09f-4416-b3a7-8bf3f05b0316",
    "data": [
      {
        "text": "quero saber sobre renovar matrícula",
        "userDefined": false
      }
    ],
    "isTemplate": false,
    "count": 0,
    "lang": "pt-br",
    "updated": 0
  },
  {
    "id": "c158b388-1ff7-43f2-863b-8289dac9e1f7",
    "data": [
      {
        "text": "me fale sobre renovar matrícula",
        "userDefined": false
      }
    ],
    "isTemplate": false,
    "count": 0,
    "lang": "pt-br",
    "updated": 0
  },
  {
    "id": "3d1b59ad-8851-49ca-a9d2-7b23fb795a6b",
    "data": [
      {
        "text": "preciso de informação sobre renovar matrícula",
        "userDefined": false
      }
    ],
    "isTemplate": false,
    "count": 0,
    "lang": "pt-br",
    "updated": 0
  },
  {
    "id": "e7833e28-698f-4aa3-a28b-8b77db168029",
    "data": [
      {
        "text": "como funciona renovar matrícula",
        "userDefined": false
      }
    ],
    "isTemplate": false,
    "count": 0,
    "lang": "pt-br",
    "updated": 0
  },
  {
    "id": "327fa594-44a7-4743-ad9a-f14725e2660c",
    "data": [
      {
        "text": "qual o processo de renovar matrícula",
        "userDefined": false
      }
    ],
    "isTemplate": false,
    "count": 0,
    "lang": "pt-br",
    "updated": 0
  },
  {
    "id": "8a63dab2-17bc-46e0-a864-8bcbc18bcf4b",
    "data": [
      {
        "text": "quero saber sobre renovar minha matrícula",
        "userDefined": false
      }
    ],
    "isTemplate": false,
    "count": 0,
    "lang": "pt-br",
    "updated": 0
  },
  {
    "id": "6e4f55eb-d1af-4768-8ad9-619adebef841",
    "data": [
      {
        "text": "me fale sobre renovar minha matrícula",
        "userDefined": false
      }
    ],
    "isTemplate": false,
    "count": 0,
    "lang": "pt-br",
    "updated": 0
  },
  {
    "id": "462716ed-43eb-46fc-a965-adf83198b6a7",
    "data": [
      {
        "text": "preciso de informação sobre renovar minha matrícula",
        "userDefined": false
      }
    ],
    "isTemplate": false,
    "count": 0,
    "lang": "pt-br",
    "updated": 0
  },
  {
    "id": "74412c0f-f10a-4978-ba2a-8e27a6f460e0",
    "data": [
      {
        "text": "como funciona renovar minha matrícula",
        "userDefined": false
      }
    ],
    "isTemplate": false,
    "count": 0,
    "lang": "pt-br",
    "updated": 0
  },
  {
    "id": "0e9d2105-9889-4218-b605-e1435266eea8",
    "data": [
      {
        "text": "qual o processo de renovar minha matrícula",
        "userDefined": false
      }
    ],
    "isTemplate": false,
    "count": 0,
    "lang": "pt-br",
    "updated": 0
  }
]